aircraft,maintenance,fltStage,vibration
1,1,1,6.113
1,1,1,5.25
1,1,1,4.149
1,1,1,3.823
1,1,2,34.35
1,1,2,25.903
1,1,2,28.157
1,1,2,28.154
1,1,3,18.707
1,1,3,13.574
1,1,3,14.343
1,1,3,14.98
1,1,4,42.737
1,1,4,23.706
1,1,4,23.036
1,1,4,63.072
1,2,1,3.646
1,2,1,1.89
1,2,1,4.357
1,2,1,3.355
1,2,2,24.438
1,2,2,17.616
1,2,2,21.463
1,2,2,27.034
1,2,3,8.619
1,2,3,7.511
1,2,3,8.254
1,2,3,8.722
1,2,4,18.749
1,2,4,20.141
1,2,4,24.678
1,2,4,18.798
2,1,1,6.936
2,1,1,4.783
2,1,1,3.781
2,1,1,3.738
2,1,2,26.081
2,1,2,27.831
2,1,2,25.942
2,1,2,31.153
2,1,3,7.713
2,1,3,7.48
2,1,3,8.424
2,1,3,7.532
2,1,4,30.343
2,1,4,27.393
2,1,4,33.556
2,1,4,25.78
2,2,1,4.362
2,2,1,4.064
2,2,1,3.164
2,2,1,2.451
2,2,2,26.199
2,2,2,24.742
2,2,2,25.61
2,2,2,24.969
2,2,3,6.539
2,2,3,7.612
2,2,3,7.292
2,2,3,9.197
2,2,4,32.481
2,2,4,33.027
2,2,4,28.87
2,2,4,31.697
3,1,1,4.41
3,1,1,4.616
3,1,1,2.31
3,1,1,2.935
3,1,2,22.925
3,1,2,22.439
3,1,2,24.396
3,1,2,24.442
3,1,3,7.494
3,1,3,9.581
3,1,3,10.265
3,1,3,9.366
3,1,4,28.656
3,1,4,28.93
3,1,4,29.885
3,1,4,19.539
3,2,1,2.865
3,2,1,2.366
3,2,1,1.991
3,2,1,2.703
3,2,2,18.676
3,2,2,19.419
3,2,2,19.268
3,2,2,17.591
3,2,3,9.405
3,2,3,11.278
3,2,3,9.278
3,2,3,10.169
3,2,4,26.511
3,2,4,21.342
3,2,4,26.352
3,2,4,23.519
4,1,1,1.59
4,1,1,1.279
4,1,1,2.995
4,1,1,0.8
4,1,2,18.741
4,1,2,19.265
4,1,2,21.021
4,1,2,20.179
4,1,3,11.86
4,1,3,10.325
4,1,3,11.351
4,1,3,11.105
4,1,4,25.53
4,1,4,27.125
4,1,4,29.486
4,1,4,28.098
4,2,1,4.85
4,2,1,2.022
4,2,1,1.912
4,2,1,1.445
4,2,2,18.87
4,2,2,18.959
4,2,2,21.838
4,2,2,23.426
4,2,3,14.207
4,2,3,16.256
4,2,3,14.482
4,2,3,17.047
4,2,4,21.416
4,2,4,28.808
4,2,4,24.417
4,2,4,29.435
