boneType,boneID,cover,cover.grp,Y.flat,Y.round
1,1,None,1,42.77,28.77
1,2,Cotton,3,16.73,17.31
1,3,Cotton,3,22.14,20.48
1,4,None,1,42.95,39.59
1,5,SkinSub,2,12.48,8.34
1,6,Denim,4,28.67,29.04
1,7,None,1,27.33,35.37
1,8,SkinSub,2,43.03,45.28
1,9,Denim,4,52.15,46.77
1,10,SkinSub,2,35.87,26.91
1,11,Cotton,3,47.18,13.29
1,12,Denim,4,43.04,43.06
2,13,SkinSub,2,22.5,22.12
2,14,None,1,33.88,29.34
2,15,Denim,4,20.26,12.35
2,16,Cotton,3,20.31,0
2,17,Cotton,3,29.5,16.17
2,18,None,1,17.06,18.27
2,19,None,1,18.56,21.82
2,20,Denim,4,19.17,32.71
2,21,Denim,4,0,3.23
2,22,Cotton,3,14.12,11.27
2,23,SkinSub,2,34.21,32.15
2,24,SkinSub,2,8.72,54.86
