id,foodWaste,buf.trt,serv.sty,dual.int
1,55.36,1,1,1
2,67.32,1,1,1
3,62.31,1,1,1
4,219.28,1,1,1
5,133.47,1,1,1
6,44.64,1,1,1
7,246.35,1,1,1
8,60.34,1,1,1
9,65.87,1,1,1
10,326.62,1,1,1
11,45.32,1,1,1
12,54.01,1,1,1
13,52.64,1,1,1
14,347.02,1,1,1
15,88.13,1,1,1
16,53.87,1,1,1
17,70.65,1,1,1
18,49.25,1,1,1
19,42.94,1,1,1
20,54.69,1,1,1
21,42.86,1,1,1
22,42.78,1,1,1
23,153.30,1,1,1
24,233.10,1,1,1
25,43.09,1,1,1
26,45.64,1,1,1
27,42.83,1,1,1
28,60.74,1,1,1
29,51.43,1,1,1
30,175.38,1,1,1
31,91.02,1,1,2
32,61.63,1,1,2
33,291.47,1,1,2
34,50.67,1,1,2
35,132.55,1,1,2
36,176.01,1,1,2
37,44.89,1,1,2
38,67.55,1,1,2
39,171.00,1,1,2
40,44.73,1,1,2
41,52.28,1,1,2
42,128.30,1,1,2
43,89.57,1,1,2
44,176.03,1,1,2
45,51.48,1,1,2
46,43.46,1,1,2
47,43.21,1,1,2
48,51.03,1,1,2
49,70.46,1,1,2
50,43.06,1,1,2
51,43.39,1,1,2
52,42.99,1,1,2
53,45.34,1,1,2
54,78.54,1,1,2
55,176.73,1,1,2
56,49.30,1,1,2
57,121.39,1,1,2
58,123.39,1,1,2
59,42.83,1,1,2
60,43.47,1,1,2
61,13.69,2,1,3
62,45.57,2,1,3
63,102.57,2,1,3
64,12.81,2,1,3
65,12.31,2,1,3
66,80.40,2,1,3
67,86.30,2,1,3
68,23.61,2,1,3
69,12.51,2,1,3
70,12.42,2,1,3
71,50.34,2,1,3
72,12.12,2,1,3
73,56.26,2,1,3
74,50.24,2,1,3
75,12.26,2,1,3
76,19.32,2,1,3
77,10.65,2,1,3
78,16.85,2,1,3
79,12.94,2,1,3
80,36.65,2,1,3
81,25.87,2,1,3
82,27.99,2,1,3
83,11.38,2,1,3
84,20.23,2,1,3
85,14.91,2,1,3
86,10.89,2,1,3
87,11.53,2,1,3
88,15.11,2,1,3
89,13.93,2,1,3
90,25.90,2,1,3
91,50.94,2,1,1
92,25.73,2,1,1
93,24.33,2,1,1
94,14.69,2,1,1
95,268.10,2,1,1
96,10.81,2,1,1
97,136.82,2,1,1
98,10.69,2,1,1
99,12.60,2,1,1
100,26.82,2,1,1
101,34.13,2,1,1
102,11.00,2,1,1
103,14.65,2,1,1
104,24.15,2,1,1
105,11.97,2,1,1
106,83.40,2,1,1
107,20.55,2,1,1
108,47.42,2,1,1
109,23.46,2,1,1
110,10.66,2,1,1
111,39.76,2,1,1
112,11.89,2,1,1
113,11.68,2,1,1
114,34.62,2,1,1
115,118.34,2,1,1
116,43.41,2,1,1
117,52.98,2,1,1
118,17.80,2,1,1
119,10.68,2,1,1
120,17.38,2,1,1
121,61.23,3,1,2
122,179.78,3,1,2
123,130.13,3,1,2
124,170.66,3,1,2
125,452.86,3,1,2
126,179.28,3,1,2
127,248.08,3,1,2
128,120.70,3,1,2
129,162.02,3,1,2
130,61.26,3,1,2
131,70.59,3,1,2
132,122.35,3,1,2
133,61.12,3,1,2
134,59.93,3,1,2
135,71.45,3,1,2
136,141.98,3,1,2
137,62.45,3,1,2
138,88.48,3,1,2
139,67.02,3,1,2
140,62.11,3,1,2
141,75.43,3,1,2
142,77.53,3,1,2
143,78.34,3,1,2
144,132.24,3,1,2
145,60.08,3,1,2
146,60.86,3,1,2
147,128.92,3,1,2
148,67.84,3,1,2
149,187.39,3,1,2
150,72.07,3,1,2
151,74.58,3,1,3
152,67.90,3,1,3
153,65.39,3,1,3
154,253.41,3,1,3
155,88.20,3,1,3
156,60.12,3,1,3
157,60.84,3,1,3
158,147.83,3,1,3
159,59.54,3,1,3
160,92.86,3,1,3
161,191.61,3,1,3
162,220.47,3,1,3
163,59.88,3,1,3
164,136.36,3,1,3
165,128.06,3,1,3
166,147.98,3,1,3
167,66.10,3,1,3
168,138.25,3,1,3
169,97.07,3,1,3
170,71.84,3,1,3
171,59.69,3,1,3
172,86.17,3,1,3
173,181.04,3,1,3
174,61.84,3,1,3
175,59.93,3,1,3
176,69.82,3,1,3
177,73.22,3,1,3
178,293.25,3,1,3
179,241.13,3,1,3
180,61.45,3,1,3
181,165.63,4,2,1
182,168.07,4,2,1
183,124.85,4,2,1
184,219.37,4,2,1
185,138.47,4,2,1
186,114.30,4,2,1
187,84.28,4,2,1
188,87.73,4,2,1
189,95.51,4,2,1
190,90.40,4,2,1
191,99.24,4,2,1
192,175.88,4,2,1
193,137.47,4,2,1
194,352.39,4,2,1
195,109.42,4,2,1
196,117.01,4,2,1
197,85.56,4,2,1
198,92.90,4,2,1
199,86.55,4,2,1
200,113.90,4,2,1
201,317.47,4,2,1
202,301.46,4,2,1
203,183.17,4,2,1
204,90.76,4,2,1
205,83.53,4,2,1
206,106.62,4,2,1
207,150.09,4,2,1
208,89.76,4,2,1
209,103.88,4,2,1
210,124.62,4,2,1
211,83.98,4,2,2
212,83.57,4,2,2
213,154.77,4,2,2
214,311.42,4,2,2
215,86.70,4,2,2
216,94.43,4,2,2
217,92.90,4,2,2
218,95.71,4,2,2
219,85.58,4,2,2
220,317.59,4,2,2
221,304.08,4,2,2
222,173.79,4,2,2
223,148.69,4,2,2
224,300.75,4,2,2
225,199.10,4,2,2
226,87.24,4,2,2
227,84.88,4,2,2
228,294.88,4,2,2
229,308.50,4,2,2
230,185.25,4,2,2
231,166.48,4,2,2
232,105.49,4,2,2
233,138.22,4,2,2
234,83.97,4,2,2
235,147.20,4,2,2
236,182.34,4,2,2
237,92.61,4,2,2
238,184.68,4,2,2
239,86.87,4,2,2
240,111.05,4,2,2
241,65.58,5,2,3
242,53.30,5,2,3
243,110.13,5,2,3
244,41.21,5,2,3
245,121.73,5,2,3
246,41.21,5,2,3
247,43.97,5,2,3
248,45.33,5,2,3
249,388.43,5,2,3
250,42.89,5,2,3
251,44.55,5,2,3
252,132.76,5,2,3
253,60.31,5,2,3
254,41.45,5,2,3
255,50.46,5,2,3
256,72.38,5,2,3
257,325.29,5,2,3
258,43.88,5,2,3
259,163.52,5,2,3
260,181.39,5,2,3
261,336.06,5,2,3
262,120.07,5,2,3
263,341.58,5,2,3
264,59.09,5,2,3
265,154.81,5,2,3
266,127.76,5,2,3
267,50.70,5,2,3
268,110.11,5,2,3
269,45.92,5,2,3
270,79.56,5,2,3
271,406.49,5,2,1
272,277.36,5,2,1
273,51.50,5,2,1
274,46.47,5,2,1
275,69.31,5,2,1
276,257.48,5,2,1
277,49.45,5,2,1
278,41.27,5,2,1
279,334.69,5,2,1
280,552.32,5,2,1
281,352.08,5,2,1
282,56.25,5,2,1
283,106.11,5,2,1
284,104.02,5,2,1
285,212.20,5,2,1
286,85.42,5,2,1
287,77.95,5,2,1
288,43.62,5,2,1
289,330.60,5,2,1
290,43.74,5,2,1
291,45.44,5,2,1
292,153.07,5,2,1
293,89.72,5,2,1
294,43.60,5,2,1
295,544.25,5,2,1
296,125.27,5,2,1
297,81.77,5,2,1
298,43.55,5,2,1
299,73.13,5,2,1
300,117.62,5,2,1
301,92.99,6,2,2
302,207.67,6,2,2
303,121.84,6,2,2
304,104.62,6,2,2
305,168.45,6,2,2
306,100.90,6,2,2
307,88.60,6,2,2
308,215.99,6,2,2
309,158.60,6,2,2
310,130.60,6,2,2
311,84.59,6,2,2
312,122.63,6,2,2
313,88.44,6,2,2
314,276.15,6,2,2
315,247.15,6,2,2
316,121.35,6,2,2
317,268.08,6,2,2
318,85.66,6,2,2
319,84.16,6,2,2
320,588.70,6,2,2
321,183.35,6,2,2
322,116.10,6,2,2
323,189.07,6,2,2
324,97.06,6,2,2
325,87.38,6,2,2
326,91.00,6,2,2
327,138.01,6,2,2
328,120.87,6,2,2
329,326.15,6,2,2
330,155.79,6,2,2
331,116.10,6,2,3
332,109.00,6,2,3
333,90.51,6,2,3
334,85.33,6,2,3
335,128.65,6,2,3
336,97.95,6,2,3
337,180.02,6,2,3
338,178.84,6,2,3
339,110.81,6,2,3
340,296.27,6,2,3
341,162.06,6,2,3
342,166.70,6,2,3
343,89.03,6,2,3
344,542.28,6,2,3
345,98.38,6,2,3
346,97.44,6,2,3
347,106.22,6,2,3
348,118.34,6,2,3
349,84.07,6,2,3
350,145.27,6,2,3
351,84.16,6,2,3
352,235.89,6,2,3
353,289.25,6,2,3
354,395.30,6,2,3
355,98.88,6,2,3
356,84.14,6,2,3
357,247.03,6,2,3
358,123.93,6,2,3
359,85.44,6,2,3
360,131.53,6,2,3
