c.trt,c.time,c.blk,hardness,adhesive,blister
1,1,1,3.803186372,4.098308382,11.36698439
1,2,1,3.59442685,4.15109583,12.38545942
1,3,1,2.506804336,5.488302603,11.3485975
1,4,1,2.86468662,5.845520387,12.99404611
1,1,2,3.780368275,3.593147331,8.252780164
1,2,2,3.003189265,3.788480688,9.626541291
1,3,2,2.377642522,5.452616145,9.404545324
1,4,2,2.170335024,5.812124662,11.05580193
1,1,3,4.146445353,3.226655287,6.690230442
1,2,3,3.392383885,3.728534482,8.827994285
1,3,3,3.035553142,4.807207252,7.146852177
1,4,3,2.074978356,6.130480951,11.20014696
2,1,1,4.263981555,3.61787392,11.56821507
2,2,1,4.187612023,4.549320528,12.29212619
2,3,1,3.307617249,5.559360401,11.66152619
2,4,1,2.63477023,5.868482707,13.03389556
2,1,2,4.013281457,2.927162616,8.131307785
2,2,2,3.776475608,3.670753749,8.387025094
2,3,2,2.536123558,5.637840947,10.14177491
2,4,2,2.124138767,5.580675417,10.60132099
2,1,3,4.292736988,2.603074465,6.49047214
2,2,3,4.185912369,3.838036723,7.970843716
2,3,3,3.216259194,5.600924652,9.216693903
2,4,3,2.561091003,6.128967876,11.13477845
3,1,1,4.531503838,3.515352282,10.49323206
3,2,1,4.586465587,3.812457148,11.26525268
3,3,1,4.271160873,3.912408636,11.52614812
3,4,1,3.787954337,3.305193482,8.962345927
3,1,2,4.444164064,2.448788465,6.088023544
3,2,2,3.902812982,2.890806593,7.221230567
3,3,2,4.25655357,3.081082973,7.707289629
3,4,2,3.566346726,4.536097975,10.28341049
3,1,3,4.884332097,2.703955253,6.068739397
3,2,3,5.100721431,2.564832259,5.75351175
3,3,3,3.922285556,2.994619391,6.83655725
3,4,3,3.355698937,3.976819543,8.234238586
4,1,1,4.77414372,2.462923976,6.892011456
4,2,1,4.071226041,2.933841912,6.753230116
4,3,1,4.347625567,2.963808297,9.13786425
4,4,1,3.09964567,4.042085508,11.06522495
4,1,2,3.860093715,3.290059102,6.572045759
4,2,2,4.043906509,3.836165037,6.620670212
4,3,2,3.924413786,3.208459384,7.366188731
4,4,2,3.956632119,4.301178917,9.329643587
4,1,3,4.535762565,3.515112922,6.305937785
4,2,3,5.32486745,3.488089051,4.926094672
4,3,3,3.847960647,4.085843318,8.725942018
4,4,3,4.253722211,3.864846575,7.415126463
