respTime,carColor,gender,honk
3.5850,1,1,0
4.5214,1,1,0
6.6381,1,1,0
6.5471,1,1,0
4.9042,1,1,0
4.4025,1,1,0
3.3125,1,1,0
8.8991,1,1,0
7.6400,1,1,0
3.1594,1,1,0
5.6597,1,1,0
5.3512,1,1,0
5.8544,1,1,0
7.5573,1,1,0
4.6068,1,1,0
5.6008,1,1,0
4.4191,1,1,0
5.2672,1,1,0
4.3175,1,1,0
3.2171,1,1,0
5.6719,1,1,0
8.7089,1,1,0
6.8870,1,1,0
4.0250,1,1,0
4.6774,1,1,0
4.8834,1,1,1
4.9900,1,1,1
6.6451,1,1,1
6.1025,1,1,1
6.4149,1,1,1
8.7742,1,1,1
5.4799,1,1,1
6.2301,1,1,1
6.0162,1,1,1
4.9841,1,1,1
5.7554,1,1,1
6.5116,1,1,1
5.1523,1,1,1
6.7884,1,1,1
2.9849,1,1,1
7.7019,1,1,1
5.7177,1,1,1
3.1281,1,1,1
3.9120,1,1,1
3.7211,1,1,1
1.9582,1,1,1
6.8671,1,1,1
8.5236,1,2,0
3.6522,1,2,0
6.1509,1,2,0
8.2534,1,2,0
6.9120,1,2,0
6.5463,1,2,0
8.6007,1,2,0
4.4812,1,2,0
6.9645,1,2,0
8.1838,1,2,0
6.8290,1,2,0
7.9941,1,2,0
7.4784,1,2,0
5.9015,1,2,0
7.8138,1,2,0
6.5743,1,2,0
6.9714,1,2,0
5.3030,1,2,0
6.1774,1,2,0
10.8123,1,2,0
5.8616,1,2,0
6.7383,1,2,0
8.9671,1,2,0
8.0654,1,2,0
7.7344,1,2,0
5.7057,1,2,1
9.5583,1,2,1
6.3335,1,2,1
8.6433,1,2,1
6.0021,1,2,1
8.7212,1,2,1
8.5844,1,2,1
5.7553,1,2,1
7.6390,1,2,1
8.1526,1,2,1
6.6856,1,2,1
5.6484,1,2,1
5.8677,2,1,0
4.6331,2,1,0
6.2876,2,1,0
4.6874,2,1,0
6.9229,2,1,0
8.0509,2,1,0
5.6018,2,1,0
7.5841,2,1,0
7.3739,2,1,0
7.1341,2,1,0
6.0032,2,1,0
6.5368,2,1,0
8.8343,2,1,0
5.5024,2,1,0
7.0205,2,1,0
5.5450,2,1,0
9.5935,2,1,0
7.1467,2,1,0
6.5915,2,1,0
5.1430,2,1,0
6.4153,2,1,0
7.0314,2,1,0
3.8582,2,1,0
6.7203,2,1,0
4.8898,2,1,0
5.4391,2,1,0
7.9858,2,1,0
6.1063,2,1,0
6.9648,2,1,0
3.4442,2,1,0
5.3957,2,1,0
8.2021,2,1,0
5.4315,2,1,0
5.9068,2,1,0
6.3983,2,1,0
6.4517,2,1,0
6.5899,2,1,0
5.7817,2,1,1
6.1154,2,1,1
5.9498,2,1,1
5.0145,2,1,1
6.0213,2,1,1
4.4752,2,1,1
8.3947,2,1,1
7.5542,2,1,1
8.3464,2,1,1
6.0311,2,1,1
7.3801,2,1,1
4.1336,2,1,1
5.5104,2,1,1
7.1774,2,2,0
6.8994,2,2,0
5.9677,2,2,0
8.5571,2,2,0
10.3431,2,2,0
6.8415,2,2,0
10.7178,2,2,0
9.1312,2,2,0
8.1776,2,2,0
9.6995,2,2,0
11.1306,2,2,0
7.1219,2,2,0
6.6230,2,2,0
8.1106,2,2,0
10.5782,2,2,0
7.8634,2,2,0
8.9817,2,2,0
7.5172,2,2,0
6.8405,2,2,0
7.7387,2,2,0
8.3146,2,2,0
6.1626,2,2,0
10.6727,2,2,0
7.4441,2,2,0
4.3348,2,2,0
7.3322,2,2,0
6.8706,2,2,1
7.1042,2,2,1
10.0895,2,2,1
8.2766,2,2,1
9.0099,2,2,1
7.9869,2,2,1
9.3332,2,2,1
7.7923,3,1,0
8.0439,3,1,0
4.3623,3,1,0
6.2809,3,1,0
3.6640,3,1,0
6.7951,3,1,0
4.5642,3,1,0
4.2715,3,1,0
4.4599,3,1,0
8.3952,3,1,0
6.0372,3,1,0
3.4298,3,1,0
6.3693,3,1,0
7.9458,3,1,0
4.0678,3,1,0
4.2859,3,1,0
6.3895,3,1,0
5.8670,3,1,0
7.8110,3,1,0
7.1639,3,1,0
5.6270,3,1,0
5.8673,3,1,0
3.5560,3,1,0
5.8430,3,1,0
7.7206,3,1,0
6.6055,3,1,0
3.7449,3,1,0
5.5681,3,1,0
6.5398,3,1,0
6.1638,3,1,0
6.5782,3,1,0
6.1708,3,1,0
7.1057,3,1,0
4.2677,3,1,0
5.6398,3,1,0
5.3371,3,1,0
3.6983,3,1,1
4.9637,3,1,1
6.5205,3,1,1
7.1205,3,1,1
6.8225,3,1,1
6.3795,3,1,1
4.0415,3,1,1
5.1369,3,1,1
6.1752,3,1,1
6.8522,3,1,1
6.9962,3,1,1
5.7614,3,1,1
4.3734,3,2,0
7.9804,3,2,0
5.1361,3,2,0
8.3423,3,2,0
7.5264,3,2,0
6.9997,3,2,0
7.0360,3,2,0
8.4956,3,2,0
11.1734,3,2,0
7.6197,3,2,0
10.4366,3,2,0
8.6205,3,2,0
8.5684,3,2,0
7.7109,3,2,0
9.2399,3,2,0
6.9386,3,2,0
9.0789,3,2,0
8.2236,3,2,0
8.6896,3,2,0
8.7144,3,2,0
7.5852,3,2,0
6.7818,3,2,0
9.5809,3,2,0
6.8016,3,2,0
6.8550,3,2,0
8.1098,3,2,0
10.7015,3,2,0
6.7812,3,2,0
9.2354,3,2,0
8.6370,3,2,0
9.2999,3,2,1
2.2998,3,2,1
7.7562,3,2,1
11.3520,3,2,1
7.3883,3,2,1
10.0901,3,2,1
6.7115,4,1,0
6.2267,4,1,0
7.2282,4,1,0
7.4732,4,1,0
5.3191,4,1,0
5.9385,4,1,0
9.5022,4,1,0
5.4465,4,1,0
6.3237,4,1,0
6.3482,4,1,0
4.7315,4,1,0
8.3824,4,1,0
4.0096,4,1,0
3.7300,4,1,0
5.0603,4,1,0
5.8029,4,1,0
6.6913,4,1,0
5.6179,4,1,0
2.3566,4,1,0
9.7871,4,1,0
5.5364,4,1,0
6.1085,4,1,0
8.1699,4,1,0
8.9860,4,1,0
5.5720,4,1,0
5.0337,4,1,0
5.8965,4,1,0
4.3161,4,1,0
6.4135,4,1,0
6.0759,4,1,0
4.5734,4,1,0
5.9880,4,1,0
5.7155,4,1,0
4.9970,4,1,0
7.3830,4,1,0
5.3279,4,1,0
3.1244,4,1,0
5.5393,4,1,0
7.0836,4,1,0
5.3346,4,1,0
5.8295,4,1,1
4.9775,4,1,1
7.3839,4,1,1
6.3706,4,1,1
6.2603,4,1,1
5.5277,4,1,1
8.3731,4,1,1
7.3536,4,1,1
5.6767,4,1,1
8.4275,4,1,1
4.0370,4,1,1
8.5900,4,2,0
7.0891,4,2,0
10.0837,4,2,0
9.0855,4,2,0
9.2775,4,2,0
7.3065,4,2,0
9.0255,4,2,0
8.7684,4,2,0
9.8661,4,2,0
9.2816,4,2,0
6.9433,4,2,0
6.7258,4,2,0
9.6375,4,2,0
8.1696,4,2,0
9.1175,4,2,0
6.7670,4,2,0
6.5018,4,2,0
5.9957,4,2,0
7.7630,4,2,0
5.8574,4,2,0
7.5172,4,2,0
4.1853,4,2,0
10.5648,4,2,0
5.7350,4,2,0
7.9360,4,2,0
9.0049,4,2,0
6.6366,4,2,0
9.3714,4,2,0
10.8652,4,2,0
10.8895,4,2,0
7.4898,4,2,1
9.4119,4,2,1
11.2719,4,2,1
8.3523,4,2,1
10.5614,4,2,1
8.9083,4,2,1
10.4140,4,2,1
7.0923,4,2,1
4.8013,5,1,0
8.5166,5,1,0
6.4727,5,1,0
5.5890,5,1,0
7.3035,5,1,0
7.2458,5,1,0
5.6960,5,1,0
5.1572,5,1,0
3.2667,5,1,0
5.9997,5,1,0
7.0014,5,1,0
7.4652,5,1,0
7.5667,5,1,0
5.7520,5,1,0
7.2026,5,1,0
5.3957,5,1,0
5.9995,5,1,0
8.1449,5,1,0
4.0837,5,1,0
5.3872,5,1,0
6.8852,5,1,0
6.4307,5,1,0
6.4030,5,1,0
5.3304,5,1,0
5.0223,5,1,0
6.2011,5,1,0
9.5383,5,1,0
5.8941,5,1,0
4.5737,5,1,0
6.4606,5,1,0
5.3989,5,1,0
8.0063,5,1,0
6.2426,5,1,0
5.0492,5,1,0
4.9848,5,1,0
6.0193,5,1,0
5.4181,5,1,0
7.0215,5,1,0
6.9130,5,1,1
6.6336,5,1,1
5.9086,5,1,1
7.0938,5,1,1
4.4059,5,1,1
8.6995,5,1,1
6.8972,5,1,1
5.4306,5,1,1
6.2908,5,1,1
3.9197,5,1,1
6.0719,5,2,0
9.8514,5,2,0
9.5691,5,2,0
7.1213,5,2,0
7.7496,5,2,0
4.7315,5,2,0
7.6770,5,2,0
10.3095,5,2,0
5.3454,5,2,0
8.2112,5,2,0
6.5818,5,2,0
10.9731,5,2,0
8.2037,5,2,0
11.5626,5,2,0
6.2977,5,2,0
10.2401,5,2,0
8.1455,5,2,0
8.2530,5,2,0
10.5177,5,2,0
7.4010,5,2,0
7.2236,5,2,0
5.0832,5,2,0
8.6581,5,2,0
7.3645,5,2,0
7.0216,5,2,0
9.9387,5,2,0
9.1732,5,2,0
4.6927,5,2,0
9.0053,5,2,0
6.9975,5,2,1
6.0146,5,2,1
10.2158,5,2,1
7.3094,5,2,1
7.4678,5,2,1
