creator,crCateg,crType,XA1,XA2,XB1,XAB11,XAB21,agePeak
Eliot,1,1,1,0,1,1,0,32
Cummings,1,1,1,0,1,1,0,37
Plath,1,1,1,0,1,1,0,30
Pound,1,1,1,0,1,1,0,28
Wilbur,1,1,1,0,1,1,0,29
Williams,1,2,1,0,-1,-1,0,40
Bishop,1,2,1,0,-1,-1,0,46
Moore,1,2,1,0,-1,-1,0,34
Lowell,1,2,1,0,-1,-1,0,41
Stevens,1,2,1,0,-1,-1,0,42
Frost,1,2,1,0,-1,-1,0,45
Fitzgerald,2,1,0,1,1,0,0,29
Hemingway,2,1,0,1,1,0,0,30
Melville,2,1,0,1,1,0,0,32
Lawrence,2,1,0,1,1,0,0,30
Joyce,2,1,0,1,1,0,0,40
James,2,2,0,1,-1,0,0,59
Faulkner,2,2,0,1,-1,0,0,35
Dickens,2,2,0,1,-1,0,0,41
Woolf,2,2,0,1,-1,0,0,45
Conrad,2,2,0,1,-1,0,0,47
Twain,2,2,0,1,-1,0,0,50
Hardy,2,2,0,1,-1,0,0,51
Bergman,3,1,-1,-1,1,-1,1,39
Eisenstein,3,1,-1,-1,1,-1,1,27
Fellini,3,1,-1,-1,1,-1,1,41.5
Griffith,3,1,-1,-1,1,-1,1,40.5
Keaton,3,1,-1,-1,1,-1,1,32
Welles,3,1,-1,-1,1,-1,1,27
Chaplin,3,2,-1,-1,-1,1,1,42
Ford,3,2,-1,-1,-1,1,1,62
Hawks,3,2,-1,-1,-1,1,1,44
Hitchcock,3,2,-1,-1,-1,1,1,55
Kurosawa,3,2,-1,-1,-1,1,1,44
Renoir,3,2,-1,-1,-1,1,1,45
Wilder,3,2,-1,-1,-1,1,1,39
