cyclist,trial,venue,km40time,km40power
1,1,1,52.27,314
2,1,1,55.10,292
3,1,1,57.27,277
4,1,1,60.41,240
5,1,1,54.87,287
6,1,1,53.73,309
7,1,1,50.43,354
8,1,1,53.78,309
1,2,1,52.93,314
2,2,1,54.47,292
3,2,1,56.97,276
4,2,1,59.70,242
5,2,1,53.93,306
6,2,1,53.43,314
7,2,1,49.38,372
8,2,1,52.10,330
1,3,1,53.42,309
2,3,1,54.15,301
3,3,1,57.38,272
4,3,1,58.77,252
5,3,1,54.33,299
6,3,1,53.22,323
7,3,1,49.90,365
8,3,1,52.10,326
1,1,2,53.37,320
2,1,2,53.68,315
3,1,2,53.38,310
4,1,2,62.60,265
5,1,2,58.73,308
6,1,2,59.48,322
7,1,2,56.13,345
8,1,2,56.20,305
1,2,2,53.73,308
2,2,2,54.05,308
3,2,2,55.75,298
4,2,2,63.70,269
5,2,2,59.95,322
6,2,2,58.35,329
7,2,2,55.57,346
8,2,2,53.88,318
1,3,2,55.57,307
2,3,2,55.18,320
3,3,2,57.50,284
4,3,2,66.00,269
5,3,2,60.05,308
6,3,2,61.38,328
7,3,2,56.57,352
8,3,2,57.03,320
