cycleDenim,cycles,denimTrt,abrasion
1,1,1,3.2218
1,1,1,3.3547
1,1,1,3.1334
1,1,1,2.6289
1,1,1,3.8816
1,1,1,3.4383
1,1,1,2.7742
1,1,1,3.4454
1,1,1,3.6696
1,1,1,3.1223
2,1,2,2.2389
2,1,2,2.4392
2,1,2,2.0989
2,1,2,1.7627
2,1,2,2.1132
2,1,2,2.1229
2,1,2,2.5048
2,1,2,2.2467
2,1,2,1.4007
2,1,2,1.7422
3,1,3,2.679
3,1,3,2.9687
3,1,3,2.775
3,1,3,3.0185
3,1,3,2.2233
3,1,3,2.4641
3,1,3,2.8179
3,1,3,2.6048
3,1,3,2.7132
3,1,3,3.0655
4,2,1,3.1506
4,2,1,3.03
4,2,1,2.7948
4,2,1,2.5685
4,2,1,3.2388
4,2,1,3.1351
4,2,1,2.7016
4,2,1,2.842
4,2,1,2.8887
4,2,1,2.6499
5,2,2,1.3373
5,2,2,2.0123
5,2,2,1.9434
5,2,2,2.019
5,2,2,1.297
5,2,2,1.88
5,2,2,2.0632
5,2,2,2.0151
5,2,2,1.8988
5,2,2,1.8638
6,2,3,1.8032
6,2,3,2.1526
6,2,3,2.4623
6,2,3,2.2728
6,2,3,1.8494
6,2,3,2.4745
6,2,3,2.0292
6,2,3,3.4265
6,2,3,1.3626
6,2,3,2.8369
7,3,1,3.0114
7,3,1,3.0123
7,3,1,2.3802
7,3,1,3.0909
7,3,1,2.3173
7,3,1,2.1572
7,3,1,1.6737
7,3,1,1.2398
7,3,1,2.4494
7,3,1,2.6677
8,3,2,1.717
8,3,2,2.2421
8,3,2,1.8357
8,3,2,1.8986
8,3,2,1.3799
8,3,2,1.8926
8,3,2,2.2674
8,3,2,1.8818
8,3,2,1.5106
8,3,2,1.7043
9,3,3,1.5333
9,3,3,1.8093
9,3,3,2.26
9,3,3,1.9291
9,3,3,2.6441
9,3,3,1.6144
9,3,3,2.5819
9,3,3,3.1609
9,3,3,2.1734
9,3,3,2.9636
