product,brand,Pb,Cd
1,1,60.7358,38.2967
1,1,63.5415,27.7847
1,1,66.6495,37.2271
1,1,61.8706,22.0861
1,1,64.3477,27.6091
1,1,65.0548,29.9962
1,2,80.4495,34.3525
1,2,81.6953,25.1779
1,2,76.6822,16.1669
1,2,84.0517,18.3667
1,2,72.7739,22.2342
1,2,87.3473,33.1018
1,3,94.9849,15.4388
1,3,114.7859,21.2064
1,3,102.5654,12.3427
1,3,110.7007,13.0261
1,3,96.5623,19.7166
1,3,116.4009,18.4693
1,4,102.8237,23.7176
1,4,90.6229,36.9072
1,4,94.6672,25.9308
1,4,87.9427,25.739
1,4,103.517,34.1444
1,4,94.0264,28.761
1,5,72.0696,37.0435
1,5,90.1679,42.4057
1,5,71.3291,30.3203
1,5,87.5808,27.3421
1,5,73.1779,42.6425
1,5,77.2747,37.446
1,6,86.2192,43.8365
1,6,106.0675,33.5291
1,6,81.681,45.3053
1,6,88.1585,47.0036
1,6,81.7281,51.2611
1,6,96.1458,34.6642
1,7,139.9851,38.0212
1,7,116.438,40.7338
1,7,117.9591,34.8064
1,7,122.7284,42.3281
1,7,104.6933,26.8658
1,7,118.1962,30.8448
1,8,76.4181,45.8145
1,8,77.1723,43.2829
1,8,68.5588,34.8861
1,8,84.3232,36.631
1,8,86.2191,50.9162
1,8,88.5085,32.6693
1,9,62.4203,30.4049
1,9,69.6004,40.4313
1,9,67.5145,38.1807
1,9,74.5903,28.6017
1,9,66.8936,38.0419
1,9,53.181,39.7395
1,10,96.404,47.0295
1,10,89.8954,36.0425
1,10,93.7284,53.9766
1,10,106.5567,44.581
1,10,81.9306,48.5872
1,10,87.0849,41.5831
1,11,128.6581,31.585
1,11,110.6668,25.5766
1,11,111.0177,24.5899
1,11,134.7408,23.6055
1,11,119.6907,23.271
1,11,97.2259,20.7721
1,12,80.1638,17.6183
1,12,95.779,21.3834
1,12,97.8854,16.4157
1,12,80.9402,19.1383
1,12,85.7165,15.484
1,12,77.3151,23.3603
1,13,66.1579,28.4309
1,13,59.5781,27.7408
1,13,51.537,20.0584
1,13,58.09,19.6868
1,13,67.1773,29.3959
1,13,62.8598,31.8872
1,14,41.331,38.3549
1,14,64.6253,27.3226
1,14,57.9848,31.7931
1,14,49.7707,31.4498
1,14,45.2681,29.0264
1,14,44.0199,37.6533
1,15,78.2196,32.7304
1,15,84.9235,21.4779
1,15,87.4653,29.5187
1,15,65.088,19.3809
1,15,78.6664,22.7022
1,15,83.2373,33.19
2,1,26.37048444,18.73927007
2,1,16.14242312,18.72379681
2,1,21.5753194,18.68959705
2,1,22.64161617,18.71193704
2,1,17.39832599,18.66249295
2,1,21.27183088,18.67290607
2,2,16.71299227,21.87064252
2,2,15.66705102,22.15374651
2,2,19.56135766,21.7533567
2,2,14.92985965,21.80395535
2,2,13.46497409,19.87555124
2,2,12.66376531,21.54274768
2,3,17.64330798,15.39113732
2,3,16.22539648,16.46629943
2,3,20.40017314,16.38207036
2,3,18.5736832,16.47425475
2,3,20.31389871,16.58494667
2,3,16.64354049,16.50129146
2,4,20.54808517,17.49813604
2,4,20.87474982,17.56199651
2,4,21.01906928,17.74314302
2,4,23.5697742,18.17477977
2,4,20.99585017,18.38235868
2,4,22.59247137,17.43958598
2,5,21.04327557,20.97961436
2,5,19.42812025,20.68848983
2,5,19.6452936,20.69903186
2,5,18.83085218,20.90771892
2,5,18.96973509,21.0702399
2,5,17.88272331,21.05490513
2,6,21.53311687,22.86803814
2,6,22.73167732,23.06385562
2,6,21.73833525,22.75917
2,6,20.22507947,23.55588855
2,6,23.09409867,22.90395228
2,6,21.47769242,22.84909541
2,7,17.89891781,21.92029506
2,7,18.92166661,21.22503502
2,7,18.70652249,22.14273118
2,7,16.75391063,21.30146213
2,7,21.32480786,20.57366147
2,7,19.1941746,22.43681514
2,8,19.41067,22.71164454
2,8,21.79657593,21.53631213
2,8,20.77710025,20.80775413
2,8,22.21431062,23.66337093
2,8,18.18479282,23.79898911
2,8,17.01655038,21.88192917
2,9,18.93813672,18.41615972
2,9,23.07053692,18.32690402
2,9,19.35798291,22.76351938
2,9,21.38187309,19.76433402
2,9,18.77014022,19.25455305
2,9,22.08133013,19.67452981
2,10,19.29229796,22.90375063
2,10,21.54720096,20.53466206
2,10,19.02956435,19.32622575
2,10,18.51616417,21.91570025
2,10,22.4208825,17.63902574
2,10,16.79389008,21.88063557
2,11,19.96216847,22.03714048
2,11,22.10057271,22.4790299
2,11,20.90146379,19.33034127
2,11,19.82911719,20.81773426
2,11,21.58909921,22.40145364
2,11,18.61757863,21.33430043
2,12,18.91805501,21.1755844
2,12,17.81821444,19.94607718
2,12,17.84147403,21.94169236
2,12,18.22204049,25.79033023
2,12,18.47015054,23.78462578
2,12,16.1300655,22.96169005
2,13,22.10485869,19.36519921
2,13,20.25892332,19.44682395
2,13,20.4573942,23.25392515
2,13,23.0107245,21.08534715
2,13,19.55157598,21.53890665
2,13,20.0165233,18.30979789
2,14,17.74670955,23.74077859
2,14,15.59372393,20.62880857
2,14,16.25197169,21.33570264
2,14,15.39080068,23.14872516
2,14,15.85805372,23.05619056
2,14,16.95874043,18.28979448
2,15,16.08841033,21.97805973
2,15,15.51123908,20.80616805
2,15,14.65112543,23.3560469
2,15,14.50236053,18.1170792
2,15,16.14338243,20.22557346
2,15,14.9034822,19.71707266
