grp.cell,gen.prof,gen.eval,picture,gen.same,willFrnd
1,1,1,1,1,1.23
1,1,1,1,1,1.77
1,1,1,1,1,3.81
1,1,1,1,1,3.59
1,1,1,1,1,2.83
1,1,1,1,1,1.61
1,1,1,1,1,2.89
1,1,1,1,1,1.89
1,1,1,1,1,0.94
1,1,1,1,1,0.56
1,1,1,1,1,3.40
1,1,1,1,1,0.48
1,1,1,1,1,2.58
1,1,1,1,1,2.10
1,1,1,1,1,2.08
1,1,1,1,1,2.36
1,1,1,1,1,1.27
1,1,1,1,1,2.49
1,1,1,1,1,3.66
1,1,1,1,1,1.79
1,1,1,1,1,1.43
1,1,1,1,1,2.72
1,1,1,1,1,0.28
1,1,1,1,1,1.70
1,1,1,1,1,2.94
1,1,1,1,1,2.63
1,1,1,1,1,2.65
1,1,1,1,1,2.46
1,1,1,1,1,3.82
1,1,1,1,1,3.33
1,1,1,1,1,0.88
1,1,1,1,1,3.76
1,1,1,1,1,3.56
1,1,1,1,1,0.38
1,1,1,1,1,2.51
2,2,1,1,0,4.27
2,2,1,1,0,4.23
2,2,1,1,0,1.85
2,2,1,1,0,3.75
2,2,1,1,0,5.57
2,2,1,1,0,4.16
2,2,1,1,0,4.82
2,2,1,1,0,2.66
2,2,1,1,0,5.21
2,2,1,1,0,5.01
2,2,1,1,0,2.44
2,2,1,1,0,4.43
2,2,1,1,0,5.03
2,2,1,1,0,3.89
2,2,1,1,0,4.69
2,2,1,1,0,2.02
2,2,1,1,0,3.00
2,2,1,1,0,1.87
2,2,1,1,0,2.92
2,2,1,1,0,2.76
2,2,1,1,0,4.05
2,2,1,1,0,5.05
2,2,1,1,0,1.54
2,2,1,1,0,5.07
2,2,1,1,0,1.94
2,2,1,1,0,5.32
2,2,1,1,0,1.64
2,2,1,1,0,3.11
2,2,1,1,0,3.83
3,1,1,2,1,0.65
3,1,1,2,1,0.66
3,1,1,2,1,2.56
3,1,1,2,1,3.40
3,1,1,2,1,3.63
3,1,1,2,1,0.54
3,1,1,2,1,0.38
3,1,1,2,1,3.30
3,1,1,2,1,3.44
3,1,1,2,1,3.64
3,1,1,2,1,1.11
3,1,1,2,1,1.77
3,1,1,2,1,2.80
3,1,1,2,1,2.98
3,1,1,2,1,3.36
3,1,1,2,1,1.43
3,1,1,2,1,2.07
3,1,1,2,1,2.59
3,1,1,2,1,3.50
3,1,1,2,1,1.26
3,1,1,2,1,3.45
3,1,1,2,1,3.27
3,1,1,2,1,2.84
3,1,1,2,1,3.01
3,1,1,2,1,0.48
3,1,1,2,1,1.38
3,1,1,2,1,3.69
3,1,1,2,1,3.00
3,1,1,2,1,0.96
3,1,1,2,1,1.53
4,2,1,2,0,1.60
4,2,1,2,0,1.54
4,2,1,2,0,3.01
4,2,1,2,0,3.18
4,2,1,2,0,2.42
4,2,1,2,0,2.36
4,2,1,2,0,3.50
4,2,1,2,0,0.34
4,2,1,2,0,3.42
4,2,1,2,0,3.21
4,2,1,2,0,0.85
4,2,1,2,0,2.86
4,2,1,2,0,1.36
4,2,1,2,0,1.28
4,2,1,2,0,1.52
4,2,1,2,0,3.00
4,2,1,2,0,1.67
4,2,1,2,0,3.48
4,2,1,2,0,1.57
4,2,1,2,0,3.64
4,2,1,2,0,1.33
4,2,1,2,0,1.65
4,2,1,2,0,1.08
4,2,1,2,0,2.11
4,2,1,2,0,3.62
4,2,1,2,0,0.79
4,2,1,2,0,0.30
4,2,1,2,0,1.38
4,2,1,2,0,3.61
4,2,1,2,0,2.22
5,1,1,3,1,0.95
5,1,1,3,1,1.13
5,1,1,3,1,2.63
5,1,1,3,1,2.44
5,1,1,3,1,0.74
5,1,1,3,1,1.87
5,1,1,3,1,0.49
5,1,1,3,1,1.73
5,1,1,3,1,3.54
5,1,1,3,1,1.80
5,1,1,3,1,0.64
5,1,1,3,1,0.83
5,1,1,3,1,3.56
5,1,1,3,1,2.73
5,1,1,3,1,2.70
5,1,1,3,1,3.44
5,1,1,3,1,3.02
5,1,1,3,1,2.69
5,1,1,3,1,3.53
5,1,1,3,1,3.18
5,1,1,3,1,3.34
5,1,1,3,1,3.02
5,1,1,3,1,0.20
5,1,1,3,1,2.66
5,1,1,3,1,0.81
5,1,1,3,1,2.08
5,1,1,3,1,1.73
5,1,1,3,1,1.04
6,2,1,3,0,5.37
6,2,1,3,0,4.98
6,2,1,3,0,1.95
6,2,1,3,0,5.43
6,2,1,3,0,4.01
6,2,1,3,0,1.99
6,2,1,3,0,5.52
6,2,1,3,0,5.54
6,2,1,3,0,3.70
6,2,1,3,0,2.14
6,2,1,3,0,2.01
6,2,1,3,0,1.78
6,2,1,3,0,3.89
6,2,1,3,0,5.18
6,2,1,3,0,1.30
6,2,1,3,0,2.31
6,2,1,3,0,1.59
6,2,1,3,0,4.32
6,2,1,3,0,3.62
6,2,1,3,0,1.42
6,2,1,3,0,2.69
6,2,1,3,0,1.13
6,2,1,3,0,5.32
6,2,1,3,0,1.05
6,2,1,3,0,2.32
6,2,1,3,0,0.84
7,1,2,1,0,2.54
7,1,2,1,0,1.35
7,1,2,1,0,1.46
7,1,2,1,0,5.86
7,1,2,1,0,2.00
7,1,2,1,0,2.31
7,1,2,1,0,0.75
7,1,2,1,0,6.06
7,1,2,1,0,1.77
7,1,2,1,0,1.85
7,1,2,1,0,3.70
7,1,2,1,0,1.87
7,1,2,1,0,1.22
7,1,2,1,0,4.89
7,1,2,1,0,3.91
7,1,2,1,0,2.46
7,1,2,1,0,5.65
7,1,2,1,0,3.58
7,1,2,1,0,2.15
7,1,2,1,0,3.01
8,2,2,1,1,3.02
8,2,2,1,1,2.96
8,2,2,1,1,1.81
8,2,2,1,1,1.03
8,2,2,1,1,2.65
8,2,2,1,1,0.95
8,2,2,1,1,0.76
8,2,2,1,1,1.97
8,2,2,1,1,1.29
8,2,2,1,1,0.97
8,2,2,1,1,1.49
8,2,2,1,1,2.24
8,2,2,1,1,2.93
8,2,2,1,1,0.92
8,2,2,1,1,1.93
8,2,2,1,1,2.90
8,2,2,1,1,0.95
8,2,2,1,1,2.19
8,2,2,1,1,2.54
8,2,2,1,1,3.24
8,2,2,1,1,2.43
8,2,2,1,1,2.61
8,2,2,1,1,3.14
9,1,2,2,0,3.51
9,1,2,2,0,2.43
9,1,2,2,0,1.85
9,1,2,2,0,3.96
9,1,2,2,0,1.39
9,1,2,2,0,3.60
9,1,2,2,0,0.95
9,1,2,2,0,2.82
9,1,2,2,0,1.07
9,1,2,2,0,1.49
9,1,2,2,0,2.70
9,1,2,2,0,3.62
9,1,2,2,0,0.71
9,1,2,2,0,0.05
9,1,2,2,0,1.06
10,2,2,2,1,2.41
10,2,2,2,1,3.91
10,2,2,2,1,2.77
10,2,2,2,1,3.86
10,2,2,2,1,3.41
10,2,2,2,1,3.04
10,2,2,2,1,1.97
10,2,2,2,1,1.94
10,2,2,2,1,0.57
10,2,2,2,1,4.26
10,2,2,2,1,0.71
10,2,2,2,1,1.61
10,2,2,2,1,1.95
10,2,2,2,1,0.75
10,2,2,2,1,3.28
10,2,2,2,1,1.03
10,2,2,2,1,3.60
10,2,2,2,1,1.42
10,2,2,2,1,1.85
10,2,2,2,1,3.31
10,2,2,2,1,2.55
10,2,2,2,1,1.96
10,2,2,2,1,3.31
10,2,2,2,1,2.78
10,2,2,2,1,3.38
10,2,2,2,1,4.40
11,1,2,3,0,1.07
11,1,2,3,0,1.15
11,1,2,3,0,1.31
11,1,2,3,0,3.85
11,1,2,3,0,3.32
11,1,2,3,0,5.78
11,1,2,3,0,3.63
11,1,2,3,0,1.43
11,1,2,3,0,4.82
11,1,2,3,0,3.53
11,1,2,3,0,2.62
11,1,2,3,0,2.48
11,1,2,3,0,2.25
11,1,2,3,0,0.24
11,1,2,3,0,1.39
11,1,2,3,0,4.03
11,1,2,3,0,0.93
11,1,2,3,0,1.61
11,1,2,3,0,1.24
11,1,2,3,0,2.36
11,1,2,3,0,0.90
11,1,2,3,0,5.38
11,1,2,3,0,1.90
11,1,2,3,0,1.33
11,1,2,3,0,0.00
11,1,2,3,0,0.25
11,1,2,3,0,1.42
12,2,2,3,1,1.32
12,2,2,3,1,3.90
12,2,2,3,1,1.23
12,2,2,3,1,2.23
12,2,2,3,1,0.40
12,2,2,3,1,1.89
12,2,2,3,1,1.36
12,2,2,3,1,1.90
12,2,2,3,1,2.35
12,2,2,3,1,3.98
12,2,2,3,1,1.58
12,2,2,3,1,3.50
12,2,2,3,1,0.58
12,2,2,3,1,3.88
12,2,2,3,1,0.71
12,2,2,3,1,2.92
12,2,2,3,1,1.61
12,2,2,3,1,2.97
12,2,2,3,1,2.10
12,2,2,3,1,2.44
12,2,2,3,1,3.39
12,2,2,3,1,1.28
