expNum,fiberBlend,fabStruct,Y01,Y02,Y03,Y04,Y05,Y06,Y07,Y08,Y09,Y10,Y11,Y12,Y13,Y14,Y15,Y16
1,1,1,49167,505,37.18,207,24.03,-0.59,-0.59,0.57,0.016,14.13,86.62,51.79,64,0,10,5
2,1,2,56452,555,51.33,264,35.67,-0.59,0.01,0.69,0.041,22.67,110.33,78.33,43,0,6,5
3,1,3,5894,495,45.41,245,25.64,0.01,0.01,0.55,0.013,14.6,94.16,67.08,57,0,10,5
4,1,4,19167,406,30.4,257,31.11,0.01,0.01,0.67,0.014,18.08,100.18,70.49,64,0,12,7
5,2,1,11167,257,27.22,190,25.15,0.01,0.01,0.52,0.018,14.86,89.18,53.68,194,0,9,4
6,2,2,55649,520,51,266,33.67,0.01,0.01,0.58,0.019,18.72,98.75,66.81,94,0,5,7
7,2,3,12478,138,22.44,123,20.6,0.01,0.01,0.54,0.016,17.79,98.3,67.58,137,0,7,5
8,2,4,9167,227,24.29,149,21.03,0.01,0.01,0.54,0.019,18.03,99.47,68.94,119,0,9,5
9,3,1,29167,150,17.54,124,18.03,0.01,-2.59,0.61,0.041,14.73,90,53.15,0,10,8,5
10,3,2,52064,99,19.7,102,15.48,0.01,-2.59,0.58,0.003,18.7,101.14,71.09,0,11,23,6
11,3,3,5167,164,19.08,97,15.9,0.01,-0.59,0.53,0.004,14.65,94.37,63.59,0,8,9,3
12,3,4,11167,159,16.21,89,14.32,0.01,-1.25,0.52,0.007,18.61,101.11,70.84,0,8,9,3
13,4,1,56534,525,51,271,35.33,-0.59,-0.59,0.55,0.007,17.18,93.43,57.97,429,1,6,6
14,4,2,54627,562,50,265,34,-0.59,0.01,0.67,0.041,22.67,111.33,80.33,39,0,9,5
15,4,3,56387,558,50,277,35,-0.59,0.01,0.63,0.011,16.98,97.6,68.21,44,0,5,5
16,4,4,56370,550,50.33,276,34,-0.59,-0.59,0.61,0.016,20.26,99.32,66.75,52,0,9,4
17,5,1,17167,318,24.94,169,19.95,-1.25,-0.59,0.67,0.015,15.3,91.09,55.68,0,16,8,7
18,5,2,51419,240,19.99,153,17.94,-0.59,0.01,0.54,0.012,18.56,99.45,68.45,0,21,5,5
19,5,3,13167,323,26.5,161,16.5,-1.25,0.08,0.52,0.006,15.64,95.99,68.1,0,12,5,5
20,5,4,13167,278,22.71,155,17.58,-1.25,0.01,0.62,0.014,18.7,100.07,68.97,0,14,10,5
21,6,1,24167,362,28.51,228,24.3,-0.59,-0.59,0.65,0.013,13.72,85.22,53.16,59,0,29,7
22,6,2,56168,547,49.33,273,35,-1.25,-0.59,0.62,0.013,17.73,99.05,69,36,0,25,5
23,6,3,29167,307,25.89,190,25.4,-1.25,-0.59,0.52,0.018,14.78,94.56,67.02,61,0,21,5
24,6,4,29167,267,25.28,184,20.35,0.01,0.01,0.6,0.017,18.54,94.25,69.25,99,0,15,8
