ID,cust.gender,hair.color,tip
1,1,1,1.32
2,1,1,1.64
3,1,1,1.68
4,1,1,0.83
5,1,1,0.80
6,1,1,1.39
7,1,1,0.78
8,1,1,1.24
9,1,1,1.83
10,1,1,1.67
11,1,1,1.53
12,1,1,0.98
13,1,1,0.66
14,1,1,1.76
15,1,1,0.92
16,1,1,0.69
17,1,1,0.97
18,1,1,1.05
19,1,1,0.99
20,1,1,0.48
21,1,1,1.65
22,1,1,0.34
23,1,1,1.57
24,1,1,0.73
25,1,1,1.08
26,1,1,1.77
27,1,1,0.53
28,1,1,1.14
29,1,1,1.44
30,1,1,1.07
31,1,1,1.15
32,1,1,1.25
33,1,1,1.59
34,1,1,0.37
35,1,1,1.35
36,1,1,1.68
37,1,1,1.34
38,1,1,1.55
39,1,1,1.00
40,1,1,0.62
41,1,1,0.99
42,1,1,1.86
43,1,1,2.20
44,1,1,1.75
45,1,1,2.35
46,1,1,1.43
47,1,1,1.63
48,1,1,1.47
49,1,1,0.64
50,1,1,1.02
51,1,1,1.13
52,1,1,1.02
53,1,1,1.19
54,1,1,1.24
55,1,1,0.39
56,1,1,1.64
57,1,1,1.30
58,1,1,1.69
59,1,1,1.21
60,1,1,1.09
61,1,1,0.99
62,1,1,1.26
63,1,1,0.96
64,1,1,1.00
65,1,1,1.56
66,1,1,0.85
67,1,1,2.09
68,1,1,0.93
69,1,1,1.87
70,1,1,1.16
71,1,1,1.71
72,1,1,1.43
73,1,1,1.08
74,1,2,1.04
75,1,2,1.22
76,1,2,0.72
77,1,2,1.49
78,1,2,0.93
79,1,2,1.18
80,1,2,0.85
81,1,2,1.14
82,1,2,1.02
83,1,2,1.11
84,1,2,0.31
85,1,2,1.24
86,1,2,0.66
87,1,2,0.38
88,1,2,0.96
89,1,2,0.77
90,1,2,1.00
91,1,2,0.45
92,1,2,0.73
93,1,2,0.84
94,1,2,1.06
95,1,2,0.78
96,1,2,1.20
97,1,2,0.99
98,1,2,1.20
99,1,2,0.74
100,1,2,0.69
101,1,2,1.22
102,1,2,1.04
103,1,2,0.70
104,1,2,0.46
105,1,2,0.87
106,1,2,1.28
107,1,2,1.22
108,1,2,0.63
109,1,2,1.49
110,1,2,1.16
111,1,2,1.01
112,1,2,1.24
113,1,2,0.90
114,1,2,1.29
115,1,2,1.27
116,1,2,0.64
117,1,2,0.83
118,1,2,0.85
119,1,2,1.40
120,1,2,1.10
121,1,2,1.35
122,1,2,1.23
123,1,2,0.97
124,1,2,1.19
125,1,2,0.95
126,1,3,1.28
127,1,3,0.87
128,1,3,1.26
129,1,3,0.76
130,1,3,0.59
131,1,3,1.29
132,1,3,1.00
133,1,3,0.62
134,1,3,0.62
135,1,3,1.13
136,1,3,0.68
137,1,3,0.67
138,1,3,0.98
139,1,3,0.43
140,1,3,1.17
141,1,3,1.00
142,1,3,0.70
143,1,3,0.81
144,1,3,1.22
145,1,3,0.80
146,1,3,1.11
147,1,3,1.45
148,1,3,0.83
149,1,3,0.89
150,1,3,0.68
151,1,3,0.91
152,1,3,1.20
153,1,3,0.79
154,1,3,1.49
155,1,3,0.64
156,1,3,0.67
157,1,3,1.09
158,1,3,0.57
159,1,3,1.78
160,1,3,0.92
161,1,3,1.10
162,1,3,1.27
163,1,3,0.54
164,1,3,1.01
165,1,3,0.53
166,1,3,0.33
167,1,3,1.63
168,1,3,1.16
169,1,3,1.59
170,1,3,1.26
171,1,3,1.03
172,1,3,1.02
173,1,3,0.50
174,1,3,0.88
175,1,3,1.27
176,1,4,1.00
177,1,4,1.24
178,1,4,0.63
179,1,4,0.81
180,1,4,0.70
181,1,4,0.97
182,1,4,1.66
183,1,4,1.09
184,1,4,0.84
185,1,4,0.69
186,1,4,0.59
187,1,4,0.80
188,1,4,0.72
189,1,4,0.82
190,1,4,0.84
191,1,4,1.21
192,1,4,0.87
193,1,4,0.79
194,1,4,0.76
195,1,4,0.64
196,1,4,0.79
197,1,4,0.55
198,1,4,0.75
199,1,4,0.89
200,1,4,0.84
201,1,4,1.06
202,1,4,0.89
203,1,4,0.98
204,1,4,0.71
205,1,4,0.78
206,1,4,0.65
207,1,4,0.95
208,1,4,0.79
209,1,4,0.53
210,1,4,1.06
211,1,4,0.85
212,1,4,1.27
213,1,4,0.47
214,1,4,0.59
215,1,4,1.10
216,1,4,0.90
217,1,4,1.06
218,2,1,1.22
219,2,1,0.93
220,2,1,0.30
221,2,1,0.77
222,2,1,1.47
223,2,1,1.10
224,2,1,0.80
225,2,1,0.92
226,2,1,0.97
227,2,1,0.83
228,2,1,0.75
229,2,1,0.58
230,2,1,0.43
231,2,1,0.85
232,2,1,1.06
233,2,1,1.40
234,2,1,0.92
235,2,1,0.96
236,2,1,1.34
237,2,1,0.80
238,2,1,1.15
239,2,1,0.76
240,2,1,1.03
241,2,1,0.63
242,2,1,1.02
243,2,2,1.52
244,2,2,0.76
245,2,2,0.64
246,2,2,1.15
247,2,2,0.85
248,2,2,1.37
249,2,2,1.56
250,2,2,0.81
251,2,2,1.29
252,2,2,0.46
253,2,2,1.06
254,2,2,1.04
255,2,2,1.51
256,2,2,0.81
257,2,2,0.85
258,2,2,1.11
259,2,2,0.84
260,2,2,0.90
261,2,2,0.87
262,2,2,1.12
263,2,2,0.52
264,2,2,1.36
265,2,2,1.01
266,2,2,1.12
267,2,2,1.31
268,2,2,1.04
269,2,2,0.60
270,2,2,1.30
271,2,2,0.80
272,2,3,0.82
273,2,3,0.48
274,2,3,1.13
275,2,3,0.77
276,2,3,1.32
277,2,3,0.72
278,2,3,1.01
279,2,3,1.09
280,2,3,1.44
281,2,3,0.81
282,2,3,1.05
283,2,3,1.64
284,2,3,1.29
285,2,3,0.44
286,2,3,1.32
287,2,3,1.04
288,2,3,0.76
289,2,3,1.03
290,2,3,1.21
291,2,3,1.13
292,2,3,0.72
293,2,3,0.60
294,2,3,0.90
295,2,3,0.76
296,2,3,0.83
297,2,3,1.07
298,2,3,0.75
299,2,3,0.48
300,2,4,0.69
301,2,4,0.72
302,2,4,0.85
303,2,4,1.29
304,2,4,1.28
305,2,4,0.88
306,2,4,0.99
307,2,4,0.70
308,2,4,1.16
309,2,4,0.73
310,2,4,0.98
311,2,4,0.98
312,2,4,1.05
313,2,4,0.94
314,2,4,0.69
315,2,4,1.09
316,2,4,0.48
317,2,4,0.65
318,2,4,0.80
319,2,4,0.60
320,2,4,1.32
321,2,4,0.48
