fleeceMat,yarnCnt,airPerm
1,1,565.75
1,1,557.49
1,1,635.25
1,1,552.32
1,1,610.22
1,1,571.74
1,1,568.24
1,1,554.43
1,1,581.74
1,1,552.82
2,1,552.02
2,1,572.79
2,1,571.14
2,1,599.25
2,1,535.24
2,1,565.55
2,1,511.46
2,1,543.00
2,1,547.05
2,1,512.51
3,1,691.65
3,1,683.30
3,1,617.91
3,1,664.81
3,1,678.46
3,1,646.77
3,1,621.81
3,1,668.82
3,1,620.37
3,1,646.11
4,1,600.77
4,1,603.51
4,1,641.97
4,1,594.13
4,1,572.12
4,1,590.87
4,1,590.57
4,1,578.26
4,1,660.39
4,1,597.42
5,1,534.80
5,1,510.86
5,1,539.58
5,1,535.09
5,1,539.56
5,1,498.47
5,1,486.50
5,1,461.59
5,1,483.81
5,1,519.76
6,1,727.88
6,1,659.20
6,1,693.21
6,1,705.63
6,1,699.65
6,1,692.85
6,1,636.57
6,1,674.15
6,1,690.03
6,1,720.82
7,1,616.90
7,1,595.65
7,1,667.81
7,1,660.40
7,1,622.44
7,1,606.73
7,1,616.85
7,1,664.43
7,1,595.89
7,1,632.91
8,1,625.36
8,1,577.36
8,1,573.42
8,1,613.08
8,1,563.19
8,1,542.67
8,1,596.54
8,1,549.75
8,1,563.31
8,1,555.32
9,1,620.11
9,1,641.92
9,1,561.00
9,1,610.03
9,1,596.03
9,1,605.89
9,1,599.48
9,1,558.03
9,1,604.13
9,1,563.37
1,2,676.98
1,2,719.81
1,2,633.50
1,2,664.01
1,2,668.45
1,2,664.55
1,2,676.05
1,2,691.93
1,2,621.63
1,2,663.09
2,2,548.42
2,2,587.09
2,2,496.74
2,2,555.50
2,2,550.80
2,2,526.36
2,2,525.68
2,2,529.41
2,2,534.69
2,2,495.32
3,2,686.29
3,2,654.71
3,2,684.29
3,2,685.30
3,2,680.72
3,2,725.69
3,2,697.37
3,2,707.59
3,2,636.85
3,2,721.18
4,2,735.91
4,2,702.67
4,2,704.11
4,2,768.46
4,2,726.28
4,2,712.83
4,2,699.75
4,2,759.21
4,2,756.62
4,2,764.17
5,2,651.36
5,2,605.35
5,2,668.47
5,2,603.94
5,2,638.23
5,2,646.17
5,2,627.37
5,2,659.01
5,2,617.35
5,2,582.74
6,2,661.22
6,2,658.89
6,2,581.48
6,2,672.92
6,2,659.19
6,2,621.78
6,2,662.99
6,2,657.04
6,2,660.37
6,2,634.13
7,2,627.98
7,2,658.89
7,2,646.70
7,2,586.44
7,2,626.50
7,2,629.02
7,2,665.49
7,2,670.04
7,2,623.45
7,2,675.50
8,2,754.63
8,2,691.98
8,2,668.36
8,2,691.22
8,2,709.64
8,2,726.09
8,2,740.15
8,2,721.59
8,2,725.60
8,2,680.75
9,2,678.28
9,2,692.37
9,2,655.31
9,2,640.75
9,2,692.65
9,2,743.37
9,2,700.36
9,2,687.73
9,2,675.75
9,2,693.44
