barley,pearlRt,totStarch,nitrogen,phosphorous,potassium,magnesium,calcium,mycelia,alphAmyl,glugAmyl,acidProt,acidCarb,acidity,glucose,maltose
1,50,76.8,0.88,1,1.52,0.18,0.16,14.93,61,177,72.39,10.99,10.8,53.7,0.215
1,60,76.2,0.99,1.07,1.7,0.24,0.16,18.75,77,207,85.8,37.06,10.5,52,0.208
1,70,72.4,1.14,1.37,1.94,0.36,0.23,19.1,120,202,142.17,44.06,9.1,48.7,0.195
1,80,65.7,1.3,2.04,2.63,0.64,0.2,21.99,164,252,230.41,22.65,7.7,39.6,0.158
2,50,76.6,0.82,1.08,2.41,0.26,0.17,20.42,90,220,63.64,15,14.2,65.6,0.262
2,60,73.3,0.83,1.18,2.2,0.29,0.25,21.85,100,214,78.71,39.45,13.4,61,0.244
2,70,70.4,1.03,1.44,2.56,0.4,0.21,22.62,111,222,137.43,56.65,11.7,56.4,0.226
2,80,68.3,1.13,1.96,2.99,0.6,0.21,21.59,141,214,167.02,24.2,10.8,54.5,0.218
3,50,75,0.88,0.95,2.36,0.22,0.18,15.84,72,138,58.94,11.39,9.8,55.3,0.221
3,60,74.8,0.96,1.06,2.41,0.26,0.21,16.84,91,151,63.74,15.23,8.7,51.3,0.205
3,70,71.9,1.11,1.35,2.73,0.37,0.18,16.17,98,152,133.06,43.64,7.6,43.7,0.175
3,80,68,1.25,1.96,3.27,0.59,0.23,13.34,103,127,151.14,11.63,5.6,38.9,0.156
4,50,74.7,0.91,1.03,2.02,0.26,0.17,12.29,62,99,65.28,24.85,6.8,42.4,0.17
4,60,73.5,1.06,1.16,2.17,0.33,0.2,13.83,85,130,76.97,19.85,7.2,36,0.144
4,70,69.5,1.19,1.42,2.38,0.41,0.19,17.02,115,170,141.97,33.66,6.7,43.4,0.173
4,80,65.8,1.3,1.98,2.88,0.64,0.21,15.49,113,136,172.72,22.48,4.7,35.9,0.143
5,50,77.2,0.84,1.24,2.19,0.16,0.14,20.24,94,194,87.86,31.33,13.5,62.4,0.25
5,60,76,0.96,1.38,2.35,0.22,0.15,24.01,117,219,96.43,37.15,12.1,57.3,0.229
5,70,72.1,0.99,1.72,2.7,0.35,0.17,25.63,133,288,153.12,50.81,11.5,55.9,0.223
5,80,67.2,1.26,2.43,3.47,0.61,0.2,23.07,152,247,201.74,34.35,9.2,55.9,0.224
