machine,trial,partNum,diameter
1,1,1,9.50
1,1,2,10.55
1,1,3,11.40
1,1,4,9.00
1,1,5,7.55
1,1,6,8.05
1,1,7,11.00
1,1,8,12.00
1,1,9,8.55
1,1,10,10.00
1,2,1,9.50
1,2,2,10.50
1,2,3,11.45
1,2,4,9.00
1,2,5,7.70
1,2,6,8.05
1,2,7,10.95
1,2,8,12.00
1,2,9,8.50
1,2,10,10.00
1,3,1,9.50
1,3,2,10.50
1,3,3,11.40
1,3,4,9.00
1,3,5,7.65
1,3,6,8.05
1,3,7,10.95
1,3,8,12.00
1,3,9,8.50
1,3,10,9.95
2,1,1,9.45
2,1,2,10.50
2,1,3,11.50
2,1,4,8.95
2,1,5,7.45
2,1,6,7.95
2,1,7,11.00
2,1,8,12.05
2,1,9,8.30
2,1,10,10.20
2,2,1,9.50
2,2,2,10.50
2,2,3,11.50
2,2,4,8.90
2,2,5,7.45
2,2,6,7.95
2,2,7,11.00
2,2,8,12.00
2,2,9,8.30
2,2,10,10.10
2,3,1,9.50
2,3,2,10.50
2,3,3,11.50
2,3,4,8.90
2,3,5,7.45
2,3,6,7.80
2,3,7,11.00
2,3,8,12.00
2,3,9,8.35
2,3,10,10.10
3,1,1,9.50
3,1,2,10.50
3,1,3,11.30
3,1,4,9.10
3,1,5,7.50
3,1,6,8.05
3,1,7,10.90
3,1,8,12.05
3,1,9,8.50
3,1,10,10.00
3,2,1,9.50
3,2,2,10.50
3,2,3,11.40
3,2,4,9.10
3,2,5,7.50
3,2,6,8.05
3,2,7,10.65
3,2,8,12.05
3,2,9,8.50
3,2,10,10.00
3,3,1,9.50
3,3,2,10.50
3,3,3,11.40
3,3,4,9.05
3,3,5,7.50
3,3,6,8.00
3,3,7,10.60
3,3,8,12.05
3,3,9,8.50
3,3,10,10.00
