rollOpen,seedMoist,seedTemp,rep,flkThck,oilXtrct
5,9,65,1,11,31.2
5,12,65,1,12.8,30.4
5,15,65,1,14.5,29.1
5,9,190,1,12,29.8
5,12,190,1,12.7,29.7
5,15,190,1,12.9,28.7
5,9,210,1,12.3,30.4
5,12,210,1,11.8,29.6
5,15,210,1,12.1,28.9
13,9,65,1,19.5,28.5
13,12,65,1,20.4,27.1
13,15,65,1,21,25.4
13,9,190,1,20.4,27.6
13,12,190,1,20.9,28.6
13,15,190,1,21.4,27
13,9,210,1,20.2,29.6
13,12,210,1,20.4,29.2
13,15,210,1,21.5,27.5
20,9,65,1,28.4,26.6
20,12,65,1,27.8,24.6
20,15,65,1,28.7,21.4
20,9,190,1,29.5,26.7
20,12,190,1,31.5,26.1
20,15,190,1,29.9,23.4
20,9,210,1,31.3,27.4
20,12,210,1,32.6,27.1
20,15,210,1,32.4,25.7
5,9,65,2,11.3,30.3
5,12,65,2,12.4,30.7
5,15,65,2,12.3,29.8
5,9,190,2,12.1,30.1
5,12,190,2,12.1,30.4
5,15,190,2,14,28.6
5,9,210,2,11.3,30.5
5,12,210,2,12.6,29.9
5,15,210,2,13.2,29.6
13,9,65,2,19.7,29.3
13,12,65,2,19.5,27.1
13,15,65,2,20.8,26.2
13,9,190,2,20.6,28.2
13,12,190,2,20.8,29.6
13,15,190,2,21.6,28.3
13,9,210,2,20.5,29.1
13,12,210,2,21.1,28.3
13,15,210,2,21.2,27.3
20,9,65,2,27.3,27
20,12,65,2,28.2,27.4
20,15,65,2,28,21.1
20,9,190,2,30.7,28.5
20,12,190,2,31.3,27.2
20,15,190,2,31.3,23.7
20,9,210,2,31.2,27.2
20,12,210,2,31.6,28.2
20,15,210,2,32.7,24.9
