ojType,ojBrand,totFlavonoid
1,1,59.70598
1,1,50.51386
1,1,54.78016
1,2,42.47601
1,2,40.07294
1,2,35.95104
1,3,53.21304
1,3,56.98258
1,3,61.40438
1,4,44.16526
1,4,42.17047
1,4,46.56427
1,5,57.27283
1,5,49.56592
1,5,51.56124
1,6,55.7794
1,6,55.74414
1,6,54.37646
1,7,46.94329
1,7,53.2151
1,7,53.1416
1,8,52.53916
1,8,67.30961
1,8,65.25123
1,9,46.15376
1,9,51.05107
1,9,51.89517
1,10,54.55092
1,10,53.12349
1,10,47.72559
1,11,43.62764
1,11,50.95601
1,11,51.81635
1,12,65.11292
1,12,60.05761
1,12,67.72947
2,13,30.48373
2,13,28.42549
2,13,29.38078
2,14,48.63321
2,14,46.95106
2,14,44.06573
2,15,35.60098
2,15,38.635
2,15,42.19402
2,16,39.19101
2,16,38.90993
2,16,39.52906
2,17,38.10533
2,17,33.9436
2,17,35.02107
2,18,49.4819
2,18,49.35894
2,18,44.58917
2,19,45.92618
2,19,52.61611
2,19,52.53771
2,20,36.4476
2,20,37.24152
2,20,37.13088
2,21,21.37938
2,21,24.34936
2,21,24.86127
2,22,30.90008
2,22,30.12689
2,22,27.20303
2,23,27.61427
2,23,29.74764
2,23,29.99809
2,24,40.43451
2,24,36.36433
2,24,42.54116
2,25,33.47333
2,25,33.52588
2,25,28.58079
2,26,34.93454
2,26,29.27736
2,26,32.8381
