op.trt,osmo.pre,package,storage,moisture
1,1,1,1,131.54
2,1,2,1,137.81
3,1,3,1,132.10
4,2,1,1,110.29
5,2,2,1,112.69
6,2,3,1,111.93
7,3,1,1,144.88
8,3,2,1,146.96
9,3,3,1,145.31
1,1,1,2,131.63
2,1,2,2,140.52
3,1,3,2,134.71
4,2,1,2,110.56
5,2,2,2,117.21
6,2,3,2,112.85
7,3,1,2,145.07
8,3,2,2,151.55
9,3,3,2,145.35
1,1,1,3,132.81
2,1,2,3,142.84
3,1,3,3,135.47
4,2,1,3,110.92
5,2,2,3,119.72
6,2,3,3,113.30
7,3,1,3,145.38
8,3,2,3,155.53
9,3,3,3,146.83
1,1,1,4,132.53
2,1,2,4,144.78
3,1,3,4,136.11
4,2,1,4,110.81
5,2,2,4,122.45
6,2,3,4,114.46
7,3,1,4,145.88
8,3,2,4,157.28
9,3,3,4,147.27
1,1,1,5,132.85
2,1,2,5,146.25
3,1,3,5,136.13
4,2,1,5,111.42
5,2,2,5,125.47
6,2,3,5,115.24
7,3,1,5,146.62
8,3,2,5,159.23
9,3,3,5,147.87
1,1,1,6,133.86
2,1,2,6,149.11
3,1,3,6,136.99
4,2,1,6,112.08
5,2,2,6,127.38
6,2,3,6,115.73
7,3,1,6,146.25
8,3,2,6,161.24
9,3,3,6,148.42
1,1,1,1,130.87
2,1,2,1,137.83
3,1,3,1,134.57
4,2,1,1,109.83
5,2,2,1,114.29
6,2,3,1,111.54
7,3,1,1,143.76
8,3,2,1,147.40
9,3,3,1,145.67
1,1,1,2,132.87
2,1,2,2,140.33
3,1,3,2,132.29
4,2,1,2,110.63
5,2,2,2,117.99
6,2,3,2,112.97
7,3,1,2,145.16
8,3,2,2,151.49
9,3,3,2,146.71
1,1,1,3,133.11
2,1,2,3,142.20
3,1,3,3,135.34
4,2,1,3,111.17
5,2,2,3,119.23
6,2,3,3,114.24
7,3,1,3,145.97
8,3,2,3,154.87
9,3,3,3,146.33
1,1,1,4,133.45
2,1,2,4,145.03
3,1,3,4,136.27
4,2,1,4,110.88
5,2,2,4,122.07
6,2,3,4,114.73
7,3,1,4,145.97
8,3,2,4,158.48
9,3,3,4,146.89
1,1,1,5,133.63
2,1,2,5,146.50
3,1,3,5,136.29
4,2,1,5,111.49
5,2,2,5,124.97
6,2,3,5,115.06
7,3,1,5,146.11
8,3,2,5,159.13
9,3,3,5,147.96
1,1,1,6,133.57
2,1,2,6,149.44
3,1,3,6,136.30
4,2,1,6,111.88
5,2,2,6,127.17
6,2,3,6,115.55
7,3,1,6,146.79
8,3,2,6,161.62
9,3,3,6,149.04
1,1,1,1,131.80
2,1,2,1,138.65
3,1,3,1,132.63
4,2,1,1,110.18
5,2,2,1,114.12
6,2,3,1,113.43
7,3,1,1,144.27
8,3,2,1,147.24
9,3,3,1,145.51
1,1,1,2,131.81
2,1,2,2,140.65
3,1,3,2,133.79
4,2,1,2,110.31
5,2,2,2,115.20
6,2,3,2,113.18
7,3,1,2,144.46
8,3,2,2,152.36
9,3,3,2,145.93
1,1,1,3,131.58
2,1,2,3,143.06
3,1,3,3,134.48
4,2,1,3,110.91
5,2,2,3,119.85
6,2,3,3,113.86
7,3,1,3,145.46
8,3,2,3,155.20
9,3,3,3,146.64
1,1,1,4,133.03
2,1,2,4,144.29
3,1,3,4,135.32
4,2,1,4,111.61
5,2,2,4,122.08
6,2,3,4,114.31
7,3,1,4,146.15
8,3,2,4,157.93
9,3,3,4,147.14
1,1,1,5,133.42
2,1,2,5,146.44
3,1,3,5,136.78
4,2,1,5,110.99
5,2,2,5,124.87
6,2,3,5,115.29
7,3,1,5,146.17
8,3,2,5,159.54
9,3,3,5,148.17
1,1,1,6,133.37
2,1,2,6,149.05
3,1,3,6,137.11
4,2,1,6,111.45
5,2,2,6,127.05
6,2,3,6,115.52
7,3,1,6,146.76
8,3,2,6,161.34
9,3,3,6,148.64
