part,operator,replicate,R_a,R_y,R_z,R_q,R_t
1,1,1,1.41,8.65,7.14,1.76,8.86
2,1,1,1.42,10.05,7.13,1.74,10.05
3,1,1,1.42,9.47,7.47,1.76,9.47
4,1,1,1.81,9.74,7.66,2.08,9.74
5,1,1,2.06,7.40,7.03,2.28,7.58
6,1,1,2.20,7.81,7.46,2.41,7.92
7,1,1,1.75,8.44,8.38,2.12,8.89
8,1,1,0.81,5.36,4.33,1.01,5.36
9,1,1,0.77,4.41,3.91,0.96,4.55
10,1,1,1.83,9.29,8.36,2.20,9.72
11,1,1,1.73,7.17,6.50,2.00,7.17
12,1,1,2.00,8.31,7.72,2.28,8.65
1,2,1,1.40,8.67,7.28,1.76,8.91
2,2,1,1.41,10.04,7.20,1.74,10.19
3,2,1,1.43,9.56,7.54,1.76,9.61
4,2,1,1.84,10.47,8.09,2.14,10.80
5,2,1,2.06,7.24,7.01,2.27,7.43
6,2,1,2.20,7.76,7.43,2.41,7.95
7,2,1,1.75,8.42,8.34,2.12,8.89
8,2,1,0.82,5.51,4.34,1.02,5.51
9,2,1,0.78,4.39,3.96,0.98,4.39
10,2,1,1.84,9.32,8.36,2.21,9.74
11,2,1,1.74,7.11,6.49,2.00,7.11
12,2,1,2.00,8.30,7.67,2.28,8.59
1,3,1,1.41,8.66,7.38,1.76,8.89
2,3,1,1.42,10.08,7.21,1.75,10.85
3,3,1,1.43,9.31,7.45,1.76,9.31
4,3,1,1.84,10.29,8.13,2.14,10.65
5,3,1,2.06,7.40,7.05,2.28,7.59
6,3,1,2.19,7.81,7.47,2.41,8.05
7,3,1,1.75,8.41,8.34,2.12,8.86
8,3,1,0.82,5.68,4.41,1.03,5.68
9,3,1,0.77,4.55,4.01,0.97,4.55
10,3,1,1.83,9.29,8.38,2.20,9.67
11,3,1,1.74,7.14,6.51,2.00,7.14
12,3,1,2.00,8.26,7.68,2.28,8.63
1,1,2,1.50,8.97,7.55,1.82,9.19
2,1,2,1.30,9.11,6.69,1.66,9.49
3,1,2,1.51,8.89,7.42,1.88,9.43
4,1,2,1.77,9.51,7.92,2.07,10.06
5,1,2,2.06,7.26,6.96,2.26,7.56
6,1,2,2.17,7.85,7.34,2.39,7.85
7,1,2,1.97,10.30,9.73,2.53,10.31
8,1,2,0.79,4.29,3.91,0.98,4.30
9,1,2,0.79,5.14,4.18,1.00,5.15
10,1,2,1.62,8.47,7.11,1.92,9.08
11,1,2,1.72,7.61,6.69,1.99,7.63
12,1,2,1.83,7.80,7.24,2.11,7.83
1,2,2,1.55,8.89,7.55,1.87,8.95
2,2,2,1.31,9.12,6.69,1.67,9.51
3,2,2,1.51,8.87,7.40,1.88,9.37
4,2,2,1.78,9.37,7.97,2.07,9.99
5,2,2,2.06,7.31,6.97,2.27,7.53
6,2,2,2.17,7.82,7.33,2.39,7.82
7,2,2,1.97,10.00,9.62,2.53,10.07
8,2,2,0.76,4.28,3.91,0.96,4.28
9,2,2,0.79,4.40,4.05,0.99,4.57
10,2,2,1.62,8.62,7.10,1.92,9.16
11,2,2,1.72,7.69,6.69,2.00,7.69
12,2,2,1.84,7.81,7.25,2.11,7.83
1,3,2,1.56,8.45,7.46,1.88,8.90
2,3,2,1.30,9.10,6.73,1.66,9.56
3,3,2,1.51,8.96,7.48,1.88,9.47
4,3,2,1.78,9.37,7.99,2.07,10.01
5,3,2,2.06,7.29,6.98,2.27,7.59
6,3,2,2.16,7.78,7.32,2.39,7.78
7,3,2,1.97,9.97,9.66,2.53,10.04
8,3,2,0.77,4.14,3.81,0.96,4.14
9,3,2,0.79,4.34,4.02,1.00,4.58
10,3,2,1.62,8.29,7.06,1.92,8.85
11,3,2,1.72,7.63,6.67,1.99,7.65
12,3,2,1.84,7.83,7.25,2.11,7.86
1,1,3,1.53,8.06,6.73,1.77,8.06
2,1,3,1.35,8.64,7.44,1.67,9.05
3,1,3,1.22,7.19,6.40,1.50,7.48
4,1,3,1.72,7.28,6.63,1.95,7.48
5,1,3,2.08,7.10,6.97,2.30,7.22
6,1,3,2.19,7.49,7.28,2.41,7.77
7,1,3,1.72,8.31,7.77,2.06,8.58
8,1,3,0.84,5.54,4.12,1.03,5.54
9,1,3,0.84,4.42,3.95,1.04,4.42
10,1,3,1.84,8.91,7.80,2.16,9.26
11,1,3,1.75,7.61,6.75,2.02,7.61
12,1,3,1.86,7.98,7.33,2.15,8.19
1,2,3,1.52,8.68,6.72,1.85,8.68
2,2,3,1.36,9.13,6.88,1.66,9.37
3,2,3,1.18,7.10,6.31,1.47,7.70
4,2,3,1.70,7.34,6.68,1.94,7.57
5,2,3,2.08,7.09,7.00,2.30,7.29
6,2,3,2.19,7.48,7.28,2.41,7.83
7,2,3,1.72,8.44,7.84,2.07,8.69
8,2,3,0.85,5.17,4.19,1.05,5.19
9,2,3,0.84,4.41,4.00,1.03,4.59
10,2,3,1.83,8.83,7.76,2.16,9.13
11,2,3,1.74,7.48,6.76,2.01,7.53
12,2,3,1.89,7.94,7.42,2.18,8.34
1,3,3,1.52,8.40,6.72,1.80,8.40
2,3,3,1.48,8.40,7.10,1.78,9.70
3,3,3,1.22,7.54,6.54,1.53,8.29
4,3,3,1.70,7.37,6.67,1.94,7.59
5,3,3,2.08,7.11,6.98,2.30,7.31
6,3,3,2.19,7.50,7.25,2.41,7.83
7,3,3,1.72,8.40,7.83,2.07,8.74
8,3,3,0.85,5.15,4.16,1.05,5.15
9,3,3,0.83,4.31,3.97,1.03,4.40
10,3,3,1.82,8.79,7.78,2.16,9.19
11,3,3,1.73,7.42,6.69,2.00,7.55
12,3,3,1.89,7.85,7.42,2.18,8.23
1,1,4,1.46,7.08,6.47,1.72,8.28
2,1,4,1.39,9.47,7.07,1.69,9.47
3,1,4,1.40,9.01,7.23,1.77,9.46
4,1,4,1.92,10.67,8.22,2.23,11.07
5,1,4,2.03,7.38,7.04,2.26,7.43
6,1,4,2.15,8.06,7.38,2.38,8.06
7,1,4,2.07,9.85,9.65,2.56,9.96
8,1,4,0.79,4.54,4.04,1.00,4.61
9,1,4,0.84,5.58,4.76,1.31,5.89
10,1,4,1.96,9.78,8.00,2.26,10.60
11,1,4,1.71,7.08,6.50,1.98,7.38
12,1,4,1.89,8.06,7.48,2.17,8.34
1,2,4,1.44,6.94,6.39,1.70,7.90
2,2,4,1.41,10.00,6.71,1.68,10.60
3,2,4,1.44,9.00,7.70,1.84,9.46
4,2,4,1.93,9.93,8.22,2.24,11.41
5,2,4,2.07,7.38,7.21,2.30,7.70
6,2,4,2.14,8.02,7.41,2.37,8.02
7,2,4,2.06,9.78,9.64,2.56,9.94
8,2,4,0.78,4.57,4.09,0.99,4.67
9,2,4,0.84,5.55,4.71,1.30,5.77
10,2,4,1.96,9.34,7.94,2.26,10.22
11,2,4,1.71,7.08,6.52,1.98,7.40
12,2,4,1.90,8.11,7.49,2.17,8.35
1,3,4,1.43,7.02,6.40,1.70,7.96
2,3,4,1.66,9.42,7.65,1.96,9.42
3,3,4,1.44,9.01,7.68,1.84,9.35
4,3,4,1.94,10.66,8.51,2.26,11.65
5,3,4,2.08,7.37,7.18,2.30,7.59
6,3,4,2.15,7.99,7.40,2.38,7.99
7,3,4,2.06,9.84,9.67,2.55,10.00
8,3,4,0.77,4.59,4.05,0.98,4.74
9,3,4,0.83,5.63,4.75,1.30,5.88
10,3,4,1.95,9.31,7.88,2.25,10.24
11,3,4,1.70,7.11,6.54,1.98,7.37
12,3,4,1.90,8.10,7.50,2.18,8.37
