Shampoo,Trt.ID,Run,SIB
NC–water,1,1,-1.94
ArtTear,2,1,1.32
ShampooA,3,1,12.17
ShampooB,4,1,3.80
ShampooC,5,1,4.41
ShampooD,6,1,8.57
ShampooE,7,1,1.30
PC–0.01 BAC,8,1,17.40
NC–water,1,2,-2.47
ArtTear,2,2,1.62
ShampooA,3,2,10.83
ShampooB,4,2,6.26
ShampooC,5,2,7.70
ShampooD,6,2,2.78
ShampooE,7,2,5.14
PC–0.01 BAC,8,2,20.49
NC–water,1,3,-3.00
ArtTear,2,3,1.03
ShampooA,3,3,7.38
ShampooB,4,3,3.07
ShampooC,5,3,6.26
ShampooD,6,3,3.26
ShampooE,7,3,3.19
PC–0.01 BAC,8,3,31.38
NC–water,1,4,-8.20
ArtTear,2,4,-0.13
ShampooA,3,4,12.72
ShampooB,4,4,4.02
ShampooC,5,4,5.81
ShampooD,6,4,9.25
ShampooE,7,4,1.06
PC–0.01 BAC,8,4,25.84
NC–water,1,5,-2.22
ArtTear,2,5,1.72
ShampooA,3,5,8.56
ShampooB,4,5,4.63
ShampooC,5,5,7.85
ShampooD,6,5,7.69
ShampooE,7,5,5.49
PC–0.01 BAC,8,5,25.88
NC–water,1,6,-1.32
ArtTear,2,6,-0.36
ShampooA,3,6,4.91
ShampooB,4,6,3.58
ShampooC,5,6,5.57
ShampooD,6,6,5.00
ShampooE,7,6,2.87
PC–0.01 BAC,8,6,23.20
NC–water,1,7,-3.88
ArtTear,2,7,0.51
ShampooA,3,7,7.35
ShampooB,4,7,2.01
ShampooC,5,7,4.02
ShampooD,6,7,4.41
ShampooE,7,7,1.23
PC–0.01 BAC,8,7,28.99
NC–water,1,8,-1.59
ArtTear,2,8,0.63
ShampooA,3,8,4.16
ShampooB,4,8,5.69
ShampooC,5,8,7.32
ShampooD,6,8,4.16
ShampooE,7,8,2.65
PC–0.01 BAC,8,8,22.02
NC–water,1,1,-2.87
ArtTear,2,1,0.91
ShampooA,3,1,6.37
ShampooB,4,1,6.00
ShampooC,5,1,6.99
ShampooD,6,1,6.71
ShampooE,7,1,2.60
PC–0.01 BAC,8,1,22.87
NC–water,1,2,-2.74
ArtTear,2,2,1.89
ShampooA,3,2,13.21
ShampooB,4,2,2.38
ShampooC,5,2,4.68
ShampooD,6,2,6.12
ShampooE,7,2,8.06
PC–0.01 BAC,8,2,27.66
NC–water,1,3,-1.01
ArtTear,2,3,1.03
ShampooA,3,3,6.32
ShampooB,4,3,3.02
ShampooC,5,3,4.59
ShampooD,6,3,5.99
ShampooE,7,3,-0.01
PC–0.01 BAC,8,3,27.58
NC–water,1,4,-4.32
ArtTear,2,4,0.47
ShampooA,3,4,6.14
ShampooB,4,4,4.60
ShampooC,5,4,3.25
ShampooD,6,4,4.82
ShampooE,7,4,0.99
PC–0.01 BAC,8,4,21.04
NC–water,1,5,-4.72
ArtTear,2,5,2.79
ShampooA,3,5,5.65
ShampooB,4,5,8.67
ShampooC,5,5,5.78
ShampooD,6,5,7.56
ShampooE,7,5,7.59
PC–0.01 BAC,8,5,20.50
NC–water,1,6,-2.16
ArtTear,2,6,0.32
ShampooA,3,6,8.22
ShampooB,4,6,1.55
ShampooC,5,6,4.21
ShampooD,6,6,5.70
ShampooE,7,6,5.27
PC–0.01 BAC,8,6,19.57
NC–water,1,7,-4.35
ArtTear,2,7,-1.15
ShampooA,3,7,8.12
ShampooB,4,7,2.61
ShampooC,5,7,5.64
ShampooD,6,7,5.24
ShampooE,7,7,3.13
PC–0.01 BAC,8,7,15.40
NC–water,1,8,-4.95
ArtTear,2,8,0.49
ShampooA,3,8,8.29
ShampooB,4,8,5.68
ShampooC,5,8,5.88
ShampooD,6,8,5.41
ShampooE,7,8,6.45
PC–0.01 BAC,8,8,28.48
NC–water,1,1,-2.09
ArtTear,2,1,2.27
ShampooA,3,1,11.16
ShampooB,4,1,3.40
ShampooC,5,1,5.40
ShampooD,6,1,6.63
ShampooE,7,1,2.40
PC–0.01 BAC,8,1,25.43
NC–water,1,2,-3.79
ArtTear,2,2,0.39
ShampooA,3,2,12.26
ShampooB,4,2,5.16
ShampooC,5,2,7.12
ShampooD,6,2,7.90
ShampooE,7,2,6.00
PC–0.01 BAC,8,2,19.65
NC–water,1,3,-4.39
ArtTear,2,3,0.34
ShampooA,3,3,10.01
ShampooB,4,3,3.21
ShampooC,5,3,7.15
ShampooD,6,3,5.15
ShampooE,7,3,1.62
PC–0.01 BAC,8,3,14.24
NC–water,1,4,-4.88
ArtTear,2,4,1.46
ShampooA,3,4,9.04
ShampooB,4,4,2.47
ShampooC,5,4,8.04
ShampooD,6,4,5.43
ShampooE,7,4,2.75
PC–0.01 BAC,8,4,31.43
NC–water,1,5,-1.47
ArtTear,2,5,0.59
ShampooA,3,5,9.49
ShampooB,4,5,1.70
ShampooC,5,5,6.17
ShampooD,6,5,6.94
ShampooE,7,5,5.53
PC–0.01 BAC,8,5,20.52
NC–water,1,6,-2.22
ArtTear,2,6,0.34
ShampooA,3,6,10.27
ShampooB,4,6,1.46
ShampooC,5,6,4.61
ShampooD,6,6,6.40
ShampooE,7,6,4.15
PC–0.01 BAC,8,6,10.93
NC–water,1,7,-4.68
ArtTear,2,7,1.84
ShampooA,3,7,7.93
ShampooB,4,7,3.78
ShampooC,5,7,3.54
ShampooD,6,7,3.85
ShampooE,7,7,6.74
PC–0.01 BAC,8,7,20.12
NC–water,1,8,-5.16
ArtTear,2,8,0.68
ShampooA,3,8,11.55
ShampooB,4,8,1.53
ShampooC,5,8,7.20
ShampooD,6,8,4.24
ShampooE,7,8,7.10
PC–0.01 BAC,8,8,29.90
