ID,cust.gender,shirt.color,tip
1,1,1,0.88
2,1,1,1.47
3,1,1,0.69
4,1,1,0.68
5,1,1,0.99
6,1,1,0.98
7,1,1,1.06
8,1,1,0.58
9,1,1,1.05
10,1,1,0.68
11,1,1,0.71
12,1,1,1.08
13,1,1,0.91
14,1,1,0.72
15,1,1,0.74
16,1,1,1.07
17,1,1,1.42
18,1,1,0.77
19,1,1,0.74
20,1,1,1.34
21,1,1,1.37
22,1,1,1.21
23,1,2,0.94
24,1,2,1.37
25,1,2,0.60
26,1,2,0.86
27,1,2,2.12
28,1,2,1.69
29,1,2,1.27
30,1,2,0.78
31,1,2,1.07
32,1,2,0.76
33,1,2,1.24
34,1,2,0.72
35,1,2,0.86
36,1,2,1.03
37,1,2,1.33
38,1,2,1.21
39,1,2,0.89
40,1,2,0.61
41,1,2,0.92
42,1,2,0.78
43,1,2,0.94
44,1,2,1.26
45,1,2,1.55
46,1,2,0.73
47,1,2,0.98
48,1,3,1.07
49,1,3,1.22
50,1,3,2.07
51,1,3,1.96
52,1,3,1.40
53,1,3,1.09
54,1,3,1.49
55,1,3,1.47
56,1,3,0.88
57,1,3,0.86
58,1,3,1.72
59,1,3,1.83
60,1,3,1.58
61,1,3,1.17
62,1,3,1.12
63,1,3,2.07
64,1,3,1.05
65,1,3,1.14
66,1,3,0.38
67,1,3,1.34
68,1,3,1.35
69,1,3,0.37
70,1,3,1.23
71,1,3,1.27
72,1,3,2.05
73,1,3,0.95
74,1,3,0.63
75,1,3,1.02
76,1,3,1.36
77,1,3,1.93
78,1,3,1.01
79,1,3,1.39
80,1,3,0.73
81,1,3,0.88
82,1,3,1.10
83,1,3,0.86
84,1,3,1.49
85,1,3,1.48
86,1,3,1.69
87,1,3,2.31
88,1,4,1.00
89,1,4,0.93
90,1,4,0.64
91,1,4,1.42
92,1,4,1.00
93,1,4,1.29
94,1,4,1.23
95,1,4,0.56
96,1,4,1.60
97,1,4,1.46
98,1,4,1.86
99,1,4,1.29
100,1,4,2.03
101,1,4,1.04
102,1,4,1.56
103,1,4,1.26
104,1,4,0.63
105,1,4,0.79
106,1,4,0.67
107,1,4,1.51
108,1,4,0.95
109,1,4,1.54
110,1,4,0.08
111,1,4,0.65
112,1,4,0.89
113,1,4,1.25
114,1,4,1.41
115,1,4,0.92
116,1,4,1.02
117,1,4,0.72
118,1,4,1.21
119,1,5,0.81
120,1,5,1.02
121,1,5,1.17
122,1,5,1.43
123,1,5,1.12
124,1,5,0.75
125,1,5,1.30
126,1,5,0.29
127,1,5,1.41
128,1,5,0.64
129,1,5,1.01
130,1,5,1.18
131,1,5,1.27
132,1,5,0.63
133,1,5,1.34
134,1,5,0.58
135,1,5,1.59
136,1,5,1.41
137,1,5,1.20
138,1,5,0.82
139,1,5,0.86
140,1,5,1.33
141,1,5,0.57
142,1,5,0.75
143,1,5,0.75
144,1,6,0.73
145,1,6,1.43
146,1,6,1.10
147,1,6,0.64
148,1,6,0.73
149,1,6,0.60
150,1,6,0.72
151,1,6,0.99
152,1,6,1.45
153,1,6,0.56
154,1,6,0.65
155,1,6,1.58
156,1,6,0.72
157,1,6,1.08
158,1,6,1.20
159,1,6,0.92
160,1,6,0.36
161,1,6,1.08
162,1,6,1.11
163,1,6,1.32
164,1,6,1.28
165,1,6,0.74
166,1,6,1.38
167,1,6,0.57
168,1,6,0.52
169,1,6,1.23
170,1,6,1.26
171,2,1,1.10
172,2,1,1.11
173,2,1,1.37
174,2,1,0.54
175,2,1,0.15
176,2,1,0.54
177,2,1,1.33
178,2,1,0.94
179,2,1,1.11
180,2,1,1.08
181,2,1,1.31
182,2,1,1.20
183,2,1,1.63
184,2,1,1.32
185,2,1,1.35
186,2,1,0.99
187,2,1,1.41
188,2,1,0.60
189,2,2,1.42
190,2,2,0.85
191,2,2,0.87
192,2,2,0.87
193,2,2,0.41
194,2,2,0.53
195,2,2,1.18
196,2,2,0.82
197,2,2,1.06
198,2,2,0.66
199,2,2,1.03
200,2,2,1.23
201,2,2,1.19
202,2,2,0.66
203,2,2,0.94
204,2,2,0.86
205,2,3,0.93
206,2,3,1.42
207,2,3,0.74
208,2,3,0.43
209,2,3,0.78
210,2,3,0.74
211,2,3,1.04
212,2,3,0.82
213,2,3,0.51
214,2,3,1.87
215,2,3,1.92
216,2,3,0.80
217,2,3,1.48
218,2,3,0.84
219,2,3,0.53
220,2,4,0.72
221,2,4,0.31
222,2,4,1.13
223,2,4,1.21
224,2,4,1.23
225,2,4,0.88
226,2,4,0.53
227,2,4,0.99
228,2,4,1.30
229,2,4,0.81
230,2,4,1.06
231,2,4,1.29
232,2,4,0.47
233,2,4,0.65
234,2,4,0.86
235,2,4,1.15
236,2,4,1.36
237,2,4,1.26
238,2,4,1.01
239,2,5,1.25
240,2,5,0.82
241,2,5,1.07
242,2,5,0.75
243,2,5,0.70
244,2,5,1.17
245,2,5,0.72
246,2,5,1.08
247,2,5,1.37
248,2,5,1.19
249,2,5,0.89
250,2,5,0.99
251,2,5,0.59
252,2,5,0.87
253,2,5,0.95
254,2,5,0.47
255,2,6,1.23
256,2,6,0.69
257,2,6,0.74
258,2,6,1.16
259,2,6,0.57
260,2,6,0.57
261,2,6,0.94
262,2,6,0.65
263,2,6,1.00
264,2,6,0.82
265,2,6,0.52
266,2,6,0.71
267,2,6,1.14
268,2,6,0.90
269,2,6,1.15
270,2,6,1.51
271,2,6,0.84
272,2,6,0.54
