product,display,endorser,condition,Y
1,1,1,1,3.171252865
1,1,1,1,3.003615012
1,1,1,1,2.779578117
1,1,1,1,2.842427457
1,1,1,1,2.619291858
1,1,1,1,2.821835713
1,1,1,1,2.696710489
1,1,1,1,2.798755151
1,1,1,1,2.981310218
1,1,1,1,2.632083661
1,1,1,1,3.077052707
1,1,1,1,2.977344764
1,1,1,1,2.815428095
1,1,1,1,3.044772558
1,1,1,1,2.692443766
1,1,1,1,2.839263085
1,1,1,1,2.917331956
1,1,1,1,2.860699429
1,1,1,1,2.67756149
1,1,1,1,2.903844723
1,1,1,1,2.826214157
1,1,1,1,2.653503058
1,1,1,1,2.738439191
1,1,1,1,2.976476941
1,1,1,1,2.495320454
1,1,1,1,2.6054385
1,1,1,1,2.500173397
1,1,1,1,2.710568032
1,1,1,1,2.971285488
1,1,1,1,2.905207966
1,1,1,1,2.696831415
1,1,1,1,2.767417096
1,1,1,1,2.787143319
1,1,1,1,2.548530438
1,1,1,1,2.607592156
1,1,1,1,2.627302688
1,1,1,1,2.725272475
1,1,1,1,2.530120384
1,1,1,1,2.667742418
1,1,1,1,2.678902974
1,1,1,1,2.792423688
1,1,1,1,2.709166712
1,1,1,1,2.566389001
1,1,1,1,2.6852472
1,1,1,1,2.956659291
1,1,1,1,2.71710599
1,1,1,1,3.155108187
1,1,1,1,2.809817795
1,1,1,1,3.056292754
1,1,1,1,2.705730152
1,1,1,1,2.973634551
1,1,1,1,2.624800899
1,1,1,1,2.652312209
1,1,1,1,2.67531034
1,1,1,1,2.824731453
1,1,1,1,2.53672822
1,1,1,1,2.445156635
1,1,1,1,3.288717693
1,1,1,1,2.958060193
1,1,1,1,3.02977354
1,1,1,1,2.645046183
1,1,1,1,3.290324462
1,1,1,1,3.046153375
1,1,1,1,2.559394118
1,1,1,1,2.856768913
1,1,1,1,2.841002914
1,1,1,1,2.45511609
1,1,1,1,3.096776628
1,1,1,1,3.000985184
1,1,1,1,2.53672822
1,1,1,1,2.557718309
1,1,1,1,2.739407018
1,1,1,1,2.62719013
1,1,1,1,2.643345268
1,1,1,1,3.01892576
1,1,1,1,2.703123965
1,1,1,1,2.912858528
1,1,1,1,2.912452651
1,1,1,1,3.019942125
1,1,1,1,2.6782406
1,1,1,1,2.760306726
1,1,1,1,2.59860806
1,1,1,1,2.730623559
1,1,1,1,2.840086345
1,1,1,1,2.322802041
1,1,1,1,2.857071019
1,1,1,1,2.771190491
1,1,1,1,2.779394635
1,1,1,1,2.930066852
1,1,1,1,2.692901109
1,1,1,1,2.428256275
1,1,1,1,2.964431616
1,1,1,1,2.57461323
1,1,1,1,3.099065437
1,1,1,1,2.825368512
1,1,1,1,2.697390019
1,1,1,1,2.446692271
1,1,1,1,2.571167883
1,1,1,1,2.866498232
1,1,1,1,2.766713088
1,1,2,2,4.873670156
1,1,2,2,4.816301164
1,1,2,2,5.046094092
1,1,2,2,4.770861085
1,1,2,2,4.665207627
1,1,2,2,5.097003562
1,1,2,2,4.670916109
1,1,2,2,5.199828949
1,1,2,2,5.126492005
1,1,2,2,4.798876527
1,1,2,2,4.733458697
1,1,2,2,4.961756007
1,1,2,2,4.886141227
1,1,2,2,5.03869581
1,1,2,2,4.778803139
1,1,2,2,5.150756288
1,1,2,2,4.911215192
1,1,2,2,5.329202272
1,1,2,2,4.731966634
1,1,2,2,5.020423043
1,1,2,2,5.063578824
1,1,2,2,5.088363617
1,1,2,2,4.911811468
1,1,2,2,4.842249107
1,1,2,2,5.09966136
1,1,2,2,5.269163042
1,1,2,2,4.895577606
1,1,2,2,4.937330822
1,1,2,2,4.981353796
1,1,2,2,5.011081008
1,1,2,2,5.048256582
1,1,2,2,4.754016731
1,1,2,2,5.024453359
1,1,2,2,5.163267261
1,1,2,2,4.770947029
1,1,2,2,4.875297113
1,1,2,2,4.945696295
1,1,2,2,4.878172355
1,1,2,2,4.956132176
1,1,2,2,4.787077338
1,1,2,2,5.254179082
1,1,2,2,4.794586765
1,1,2,2,5.113101884
1,1,2,2,4.782614718
1,1,2,2,5.03532009
1,1,2,2,4.873238014
1,1,2,2,4.974043074
1,1,2,2,4.960928394
1,1,2,2,4.774895278
1,1,2,2,4.912142481
1,1,2,2,5.061758817
1,1,2,2,4.879765871
1,1,2,2,4.70617507
1,1,2,2,5.015569799
1,1,2,2,4.859272295
1,1,2,2,4.684041613
1,1,2,2,4.782301314
1,1,2,2,4.717887346
1,1,2,2,4.931916519
1,1,2,2,5.098470746
1,1,2,2,4.991503575
1,1,2,2,4.684567616
1,1,2,2,4.930828812
1,1,2,2,5.023730913
1,1,2,2,4.939211571
1,1,2,2,5.083050282
1,1,2,2,4.673737395
1,1,2,2,4.787756811
1,1,2,2,4.856330494
1,1,2,2,4.885236878
1,1,2,2,4.949807062
1,1,2,2,4.869529503
1,1,2,2,4.826556595
1,1,2,2,4.746460778
1,1,2,2,4.713853154
1,1,2,2,4.748438779
1,1,2,2,4.814989066
1,1,2,2,4.827639294
1,1,2,2,4.867835181
1,1,2,2,5.219072624
1,1,2,2,5.03760148
1,1,2,2,4.9676199
1,1,2,2,5.001905045
1,1,2,2,4.77813659
1,1,2,2,4.7671991
1,1,2,2,5.001205378
1,1,2,2,4.804726204
1,1,2,2,4.892712702
1,1,2,2,4.76934899
1,1,2,2,4.985681038
1,1,2,2,4.936243923
1,1,2,2,4.811981676
1,1,2,2,4.855551345
1,1,2,2,4.848963392
1,1,2,2,5.247900656
1,1,2,2,5.010420921
1,1,2,2,5.046577445
1,1,2,2,4.679703063
1,1,2,2,4.98591173
1,1,2,2,5.007107396
1,2,1,3,3.491347121
1,2,1,3,3.848680532
1,2,1,3,4.513919213
1,2,1,3,4.136960186
1,2,1,3,3.918494979
1,2,1,3,4.295088566
1,2,1,3,4.091401964
1,2,1,3,4.009400385
1,2,1,3,4.116629023
1,2,1,3,4.099875368
1,2,1,3,4.018511969
1,2,1,3,3.815606624
1,2,1,3,4.62176785
1,2,1,3,4.242992646
1,2,1,3,3.825778763
1,2,1,3,3.682622438
1,2,1,3,3.980723395
1,2,1,3,4.101375584
1,2,1,3,3.964815381
1,2,1,3,3.933776438
1,2,1,3,3.8090883
1,2,1,3,3.935814085
1,2,1,3,4.188252195
1,2,1,3,3.924593613
1,2,1,3,3.97935314
1,2,1,3,3.928663243
1,2,1,3,4.334563952
1,2,1,3,3.935024183
1,2,1,3,3.919299486
1,2,1,3,4.443877334
1,2,1,3,4.055826007
1,2,1,3,4.221253969
1,2,1,3,3.783926519
1,2,1,3,3.985916175
1,2,1,3,4.042135678
1,2,1,3,4.494074511
1,2,1,3,3.797983184
1,2,1,3,3.89889768
1,2,1,3,4.0854321
1,2,1,3,3.893431266
1,2,1,3,4.157713721
1,2,1,3,3.292807098
1,2,1,3,4.062648965
1,2,1,3,3.899920379
1,2,1,3,3.567412518
1,2,1,3,4.371286309
1,2,1,3,3.871040399
1,2,1,3,3.990478823
1,2,1,3,4.046496529
1,2,1,3,4.062279351
1,2,1,3,4.108708848
1,2,1,3,3.827321604
1,2,1,3,4.113978234
1,2,1,3,4.02782088
1,2,1,3,4.035017625
1,2,1,3,3.786009474
1,2,1,3,4.198320604
1,2,1,3,3.884871122
1,2,1,3,4.378000767
1,2,1,3,4.359282196
1,2,1,3,3.901353528
1,2,1,3,4.033806543
1,2,1,3,4.189303211
1,2,1,3,4.57676554
1,2,1,3,4.314272732
1,2,1,3,4.242871627
1,2,1,3,3.596256729
1,2,1,3,3.599340026
1,2,1,3,4.332498286
1,2,1,3,4.225194532
1,2,1,3,4.289389355
1,2,1,3,4.23273168
1,2,1,3,4.408389607
1,2,1,3,3.758295567
1,2,1,3,3.811889021
1,2,1,3,4.382862386
1,2,1,3,4.068664137
1,2,1,3,4.110033199
1,2,1,3,3.842477572
1,2,1,3,3.72890707
1,2,1,3,3.993230064
1,2,1,3,4.653731127
1,2,1,3,3.67179334
1,2,1,3,3.813961841
1,2,1,3,3.821778882
1,2,1,3,4.481519553
1,2,1,3,4.333594013
1,2,1,3,4.544311034
1,2,1,3,4.040455126
1,2,1,3,3.926022291
1,2,1,3,4.265058013
1,2,1,3,3.796307401
1,2,1,3,3.70277237
1,2,1,3,3.641222673
1,2,1,3,3.743137215
1,2,1,3,4.214755914
1,2,1,3,4.138190941
1,2,1,3,4.415338353
1,2,1,3,3.68185221
1,2,1,3,4.067074796
1,2,2,4,3.872892465
1,2,2,4,3.751135468
1,2,2,4,3.782720744
1,2,2,4,3.999444472
1,2,2,4,3.849937059
1,2,2,4,3.808809975
1,2,2,4,3.803778825
1,2,2,4,3.783077108
1,2,2,4,3.700073899
1,2,2,4,3.917341917
1,2,2,4,3.927967178
1,2,2,4,3.775360817
1,2,2,4,3.805108265
1,2,2,4,3.728084458
1,2,2,4,3.773606695
1,2,2,4,3.840056428
1,2,2,4,3.743718712
1,2,2,4,3.929058016
1,2,2,4,3.938797189
1,2,2,4,3.83343631
1,2,2,4,3.813897647
1,2,2,4,3.809127359
1,2,2,4,4.028141498
1,2,2,4,3.84882909
1,2,2,4,3.889160254
1,2,2,4,3.989082226
1,2,2,4,3.935273763
1,2,2,4,3.973269278
1,2,2,4,3.903723365
1,2,2,4,3.974539221
1,2,2,4,3.835690511
1,2,2,4,3.966035319
1,2,2,4,3.679296477
1,2,2,4,3.82396241
1,2,2,4,3.919190413
1,2,2,4,3.858433165
1,2,2,4,3.712245249
1,2,2,4,3.817280333
1,2,2,4,3.915253794
1,2,2,4,3.919374955
1,2,2,4,3.756521136
1,2,2,4,3.922698042
1,2,2,4,3.768289756
1,2,2,4,3.863776364
1,2,2,4,3.859206517
1,2,2,4,3.861182213
1,2,2,4,3.910408109
1,2,2,4,3.88849061
1,2,2,4,3.820578801
1,2,2,4,3.820899877
1,2,2,4,3.691686118
1,2,2,4,3.928478028
1,2,2,4,3.903004893
1,2,2,4,3.977693153
1,2,2,4,3.881195822
1,2,2,4,3.878555304
1,2,2,4,3.864586748
1,2,2,4,3.927092784
1,2,2,4,3.957266351
1,2,2,4,3.876866731
1,2,2,4,3.913693549
1,2,2,4,3.843100907
1,2,2,4,3.760276598
1,2,2,4,3.779100277
1,2,2,4,3.730912801
1,2,2,4,3.800449378
1,2,2,4,3.895689486
1,2,2,4,3.917844971
1,2,2,4,3.798186766
1,2,2,4,3.868155822
1,2,2,4,3.875446302
1,2,2,4,3.856534815
1,2,2,4,3.954645836
1,2,2,4,3.853952973
1,2,2,4,3.993564983
1,2,2,4,3.876909199
1,2,2,4,3.831375678
1,2,2,4,3.774289059
1,2,2,4,3.898552911
1,2,2,4,3.726210933
1,2,2,4,3.796007962
1,2,2,4,3.888086854
1,2,2,4,3.897074114
1,2,2,4,3.981252892
1,2,2,4,3.919506976
1,2,2,4,3.923141188
1,2,2,4,3.899725608
1,2,2,4,4.048205371
1,2,2,4,3.753913752
1,2,2,4,3.833899665
1,2,2,4,3.829670077
1,2,2,4,3.706334986
1,2,2,4,3.853725142
1,2,2,4,3.797615394
1,2,2,4,3.821496278
1,2,2,4,3.929612155
1,2,2,4,3.957407911
1,2,2,4,4.027101745
1,2,2,4,3.720762691
1,2,2,4,3.931876306
2,1,1,5,2.982259609
2,1,1,5,3.695285478
2,1,1,5,3.398424109
2,1,1,5,3.207687802
2,1,1,5,3.554785332
2,1,1,5,3.138514003
2,1,1,5,3.310163172
2,1,1,5,3.009763236
2,1,1,5,3.730268997
2,1,1,5,3.151774955
2,1,1,5,3.407647036
2,1,1,5,3.265001095
2,1,1,5,3.504872116
2,1,1,5,3.262028908
2,1,1,5,3.708458633
2,1,1,5,3.537822808
2,1,1,5,3.526023084
2,1,1,5,3.264683063
2,1,1,5,3.365562441
2,1,1,5,2.990309256
2,1,1,5,3.571513324
2,1,1,5,3.166920768
2,1,1,5,3.869799084
2,1,1,5,3.345779992
2,1,1,5,3.893117336
2,1,1,5,3.182986295
2,1,1,5,3.700706757
2,1,1,5,3.311073677
2,1,1,5,3.421455334
2,1,1,5,2.852420902
2,1,1,5,3.250916822
2,1,1,5,3.440214924
2,1,1,5,3.284909099
2,1,1,5,3.226024372
2,1,1,5,3.461664585
2,1,1,5,2.942784963
2,1,1,5,3.20256675
2,1,1,5,3.240392296
2,1,1,5,3.258408992
2,1,1,5,3.99923933
2,1,1,5,3.332276219
2,1,1,5,3.335375802
2,1,1,5,3.240283625
2,1,1,5,3.81631077
2,1,1,5,3.322567341
2,1,1,5,3.302186893
2,1,1,5,3.51236183
2,1,1,5,3.581332408
2,1,1,5,2.907614801
2,1,1,5,3.102761498
2,1,1,5,3.800500037
2,1,1,5,3.465351423
2,1,1,5,3.160750763
2,1,1,5,3.943349199
2,1,1,5,3.464833239
2,1,1,5,3.834245809
2,1,1,5,3.302373537
2,1,1,5,3.228654583
2,1,1,5,3.753997375
2,1,1,5,3.20597792
2,1,1,5,3.160101499
2,1,1,5,3.024124406
2,1,1,5,3.828329678
2,1,1,5,3.491155605
2,1,1,5,3.387122001
2,1,1,5,3.264407395
2,1,1,5,3.198326733
2,1,1,5,3.269023156
2,1,1,5,3.40254072
2,1,1,5,3.376260717
2,1,1,5,3.570860069
2,1,1,5,3.68893896
2,1,1,5,3.556679403
2,1,1,5,3.174681853
2,1,1,5,3.378825848
2,1,1,5,2.752897765
2,1,1,5,3.69628378
2,1,1,5,3.323372858
2,1,1,5,3.916143343
2,1,1,5,3.574707765
2,1,1,5,3.860891732
2,1,1,5,3.274737909
2,1,1,5,3.480248581
2,1,1,5,3.459376044
2,1,1,5,3.184649516
2,1,1,5,3.380994974
2,1,1,5,3.482438888
2,1,1,5,3.159050397
2,1,1,5,3.311466919
2,1,1,5,3.509988256
2,1,1,5,3.124864414
2,1,1,5,3.317670078
2,1,1,5,3.24745101
2,1,1,5,2.67883929
2,1,1,5,3.516094101
2,1,1,5,3.365040881
2,1,1,5,3.075530777
2,1,1,5,3.469349232
2,1,1,5,2.991562966
2,1,1,5,3.827634673
2,1,2,6,4.198481738
2,1,2,6,4.283768985
2,1,2,6,5.198528682
2,1,2,6,4.06723002
2,1,2,6,4.296984466
2,1,2,6,4.576101275
2,1,2,6,4.403632444
2,1,2,6,4.934153942
2,1,2,6,4.756702648
2,1,2,6,4.336431545
2,1,2,6,4.386174364
2,1,2,6,4.223791188
2,1,2,6,4.073973382
2,1,2,6,4.390828793
2,1,2,6,4.412050924
2,1,2,6,4.655698364
2,1,2,6,3.715132004
2,1,2,6,4.966344163
2,1,2,6,4.245229361
2,1,2,6,5.062813159
2,1,2,6,4.127334106
2,1,2,6,3.775785725
2,1,2,6,4.722537075
2,1,2,6,4.615765588
2,1,2,6,4.600237587
2,1,2,6,4.025714261
2,1,2,6,3.79756464
2,1,2,6,5.622243744
2,1,2,6,4.536301936
2,1,2,6,4.69490041
2,1,2,6,4.10600316
2,1,2,6,4.86346381
2,1,2,6,4.222538226
2,1,2,6,4.595096667
2,1,2,6,4.535900432
2,1,2,6,4.609061145
2,1,2,6,3.984747344
2,1,2,6,4.611925287
2,1,2,6,4.872302459
2,1,2,6,4.811715456
2,1,2,6,4.570841214
2,1,2,6,4.775869205
2,1,2,6,4.547684636
2,1,2,6,5.037409191
2,1,2,6,4.649981994
2,1,2,6,4.191095017
2,1,2,6,4.614066244
2,1,2,6,4.613682214
2,1,2,6,4.169337547
2,1,2,6,4.211216288
2,1,2,6,3.948900299
2,1,2,6,3.864062609
2,1,2,6,4.137601649
2,1,2,6,4.309605037
2,1,2,6,4.878678868
2,1,2,6,3.736091231
2,1,2,6,4.844360795
2,1,2,6,4.128319797
2,1,2,6,4.382106108
2,1,2,6,4.750705107
2,1,2,6,4.537048948
2,1,2,6,4.444716516
2,1,2,6,4.154832567
2,1,2,6,4.789475864
2,1,2,6,3.619244414
2,1,2,6,4.255181578
2,1,2,6,4.714680939
2,1,2,6,4.520245745
2,1,2,6,4.565678055
2,1,2,6,4.572129919
2,1,2,6,5.053405812
2,1,2,6,4.719954105
2,1,2,6,4.396817598
2,1,2,6,4.774694478
2,1,2,6,4.51827079
2,1,2,6,4.183155482
2,1,2,6,4.364721101
2,1,2,6,4.183481928
2,1,2,6,4.801592471
2,1,2,6,5.033307575
2,1,2,6,4.614899038
2,1,2,6,4.388261312
2,1,2,6,4.941102226
2,1,2,6,3.887134597
2,1,2,6,4.512395169
2,1,2,6,4.15586512
2,1,2,6,4.131121191
2,1,2,6,4.825881282
2,1,2,6,4.502149866
2,1,2,6,4.332697677
2,1,2,6,4.17909358
2,1,2,6,4.811135638
2,1,2,6,4.241218292
2,1,2,6,3.873315868
2,1,2,6,4.66292226
2,1,2,6,4.551794989
2,1,2,6,4.434911239
2,1,2,6,4.290016722
2,1,2,6,4.502984248
2,1,2,6,3.68165824
2,2,1,7,4.649424011
2,2,1,7,4.875908897
2,2,1,7,4.340050359
2,2,1,7,5.100516333
2,2,1,7,4.56208999
2,2,1,7,5.26045012
2,2,1,7,5.105027875
2,2,1,7,4.859680362
2,2,1,7,5.08952041
2,2,1,7,4.9789741
2,2,1,7,4.889423717
2,2,1,7,4.550198792
2,2,1,7,4.826606704
2,2,1,7,4.805760326
2,2,1,7,4.853143841
2,2,1,7,4.726086671
2,2,1,7,5.139803364
2,2,1,7,5.114584485
2,2,1,7,4.953568486
2,2,1,7,4.814710049
2,2,1,7,4.702617924
2,2,1,7,5.087809484
2,2,1,7,4.99743759
2,2,1,7,4.809356989
2,2,1,7,4.876212038
2,2,1,7,4.819359217
2,2,1,7,5.026512014
2,2,1,7,4.879953602
2,2,1,7,5.064244541
2,2,1,7,4.652920233
2,2,1,7,4.8412292
2,2,1,7,4.991457635
2,2,1,7,4.883084844
2,2,1,7,4.676005406
2,2,1,7,5.07084169
2,2,1,7,4.844480283
2,2,1,7,4.87807413
2,2,1,7,4.708833116
2,2,1,7,4.977101701
2,2,1,7,4.908443167
2,2,1,7,4.763015268
2,2,1,7,4.850953549
2,2,1,7,4.768797575
2,2,1,7,4.940260004
2,2,1,7,5.010147672
2,2,1,7,4.990382698
2,2,1,7,4.774365057
2,2,1,7,4.94322088
2,2,1,7,4.892606088
2,2,1,7,4.776062443
2,2,1,7,4.611093691
2,2,1,7,4.69771715
2,2,1,7,4.948343756
2,2,1,7,5.240835706
2,2,1,7,4.804123771
2,2,1,7,4.734626346
2,2,1,7,4.967638862
2,2,1,7,4.572020071
2,2,1,7,4.906412529
2,2,1,7,4.849539094
2,2,1,7,5.014164084
2,2,1,7,4.821916916
2,2,1,7,4.917928641
2,2,1,7,4.582153861
2,2,1,7,4.887942572
2,2,1,7,4.865960225
2,2,1,7,5.067256546
2,2,1,7,4.903645057
2,2,1,7,4.713046772
2,2,1,7,4.751531491
2,2,1,7,4.748500084
2,2,1,7,4.79258462
2,2,1,7,4.821312453
2,2,1,7,4.679687151
2,2,1,7,4.766151157
2,2,1,7,4.582112634
2,2,1,7,4.840371918
2,2,1,7,4.682151078
2,2,1,7,4.397477328
2,2,1,7,5.152794761
2,2,1,7,4.644968651
2,2,1,7,5.022884835
2,2,1,7,5.05090433
2,2,1,7,5.02776055
2,2,1,7,4.928766729
2,2,1,7,4.711323114
2,2,1,7,4.293190469
2,2,1,7,4.572513988
2,2,1,7,5.180249606
2,2,1,7,5.100892632
2,2,1,7,5.254219164
2,2,1,7,4.831964615
2,2,1,7,4.79005582
2,2,1,7,4.581157943
2,2,1,7,5.187696358
2,2,1,7,4.825346649
2,2,1,7,4.990495669
2,2,1,7,4.760021855
2,2,1,7,4.899668659
2,2,1,7,5.123563108
2,2,2,8,3.381205707
2,2,2,8,3.192572
2,2,2,8,2.857448901
2,2,2,8,3.100941546
2,2,2,8,3.516270525
2,2,2,8,2.829051039
2,2,2,8,3.151544216
2,2,2,8,2.536019104
2,2,2,8,2.698958152
2,2,2,8,3.562254124
2,2,2,8,2.910949207
2,2,2,8,3.15230446
2,2,2,8,3.000323963
2,2,2,8,3.118519052
2,2,2,8,2.576780785
2,2,2,8,2.885859108
2,2,2,8,2.897125597
2,2,2,8,2.890623919
2,2,2,8,3.590790181
2,2,2,8,2.955057058
2,2,2,8,3.099605204
2,2,2,8,3.154491918
2,2,2,8,3.104299375
2,2,2,8,3.162975991
2,2,2,8,3.013682579
2,2,2,8,3.100496099
2,2,2,8,3.342295084
2,2,2,8,2.864969381
2,2,2,8,3.135019118
2,2,2,8,3.021934155
2,2,2,8,2.649073547
2,2,2,8,3.328845938
2,2,2,8,2.655090343
2,2,2,8,2.671967958
2,2,2,8,2.662981514
2,2,2,8,2.876071613
2,2,2,8,2.937526874
2,2,2,8,3.181941962
2,2,2,8,2.433444845
2,2,2,8,2.528528458
2,2,2,8,2.856718491
2,2,2,8,3.256092983
2,2,2,8,2.983954548
2,2,2,8,3.414757247
2,2,2,8,2.630479297
2,2,2,8,2.932438693
2,2,2,8,2.857729406
2,2,2,8,2.448478261
2,2,2,8,3.040789022
2,2,2,8,3.378991845
2,2,2,8,3.524685672
2,2,2,8,2.558412859
2,2,2,8,3.101997726
2,2,2,8,2.662567273
2,2,2,8,2.829947077
2,2,2,8,3.731064572
2,2,2,8,3.31572942
2,2,2,8,2.86874248
2,2,2,8,2.919066703
2,2,2,8,2.841430631
2,2,2,8,2.676559597
2,2,2,8,2.395441576
2,2,2,8,3.347987482
2,2,2,8,3.168792181
2,2,2,8,3.26159472
2,2,2,8,2.923166258
2,2,2,8,3.254713777
2,2,2,8,3.005802381
2,2,2,8,3.029566426
2,2,2,8,3.195955204
2,2,2,8,3.037557729
2,2,2,8,2.84499078
2,2,2,8,2.94651709
2,2,2,8,3.434940568
2,2,2,8,3.369081586
2,2,2,8,2.68863571
2,2,2,8,3.573254853
2,2,2,8,2.814593378
2,2,2,8,2.634206788
2,2,2,8,3.040927217
2,2,2,8,2.760466222
2,2,2,8,2.89043943
2,2,2,8,3.302639649
2,2,2,8,2.826441109
2,2,2,8,2.920804942
2,2,2,8,2.797221278
2,2,2,8,2.525583499
2,2,2,8,3.122943691
2,2,2,8,2.791662617
2,2,2,8,2.963356642
2,2,2,8,2.840150185
2,2,2,8,2.854831084
2,2,2,8,3.429810552
2,2,2,8,3.236316703
2,2,2,8,2.857083696
2,2,2,8,2.883835563
2,2,2,8,3.713183585
2,2,2,8,3.056828209
2,2,2,8,2.930478931
2,2,2,8,2.767722314
