selenium,nac,spermCnt,spermConc,spermMot,testosterone
0,0,55.781,24.826,23.403,16.435
0,0,65.546,29.321,25.108,12.795
0,0,66.717,29.860,25.313,2.501
0,0,41.038,18.040,20.829,10.629
0,0,40.129,17.621,20.670,16.391
0,0,57.973,25.835,23.786,22.066
0,0,39.721,17.433,20.599,11.423
0,0,53.341,23.703,22.977,21.093
0,0,70.982,31.823,26.057,17.523
0,0,66.316,29.676,25.242,9.655
0,0,62.266,27.811,24.535,35.534
0,0,45.510,20.098,21.610,18.862
0,0,36.028,15.734,19.954,11.575
0,0,68.883,30.857,25.691,14.231
0,0,43.754,19.290,21.303,12.487
0,0,37.069,16.213,20.136,16.631
0,0,45.381,20.039,21.587,11.121
0,0,47.828,21.165,22.014,14.962
0,0,45.984,20.317,21.693,21.901
0,0,30.684,13.273,19.021,11.137
0,0,65.616,29.353,25.120,16.773
0,0,26.593,11.390,18.307,19.729
0,0,63.281,28.279,24.713,13.920
0,0,38.202,16.734,20.334,12.029
0,0,48.762,21.595,22.178,12.680
0,0,69.434,31.111,25.787,19.879
0,0,32.205,13.974,19.287,20.956
0,0,50.539,22.413,22.488,36.547
0,0,59.477,26.528,24.048,12.606
0,0,48.220,21.345,22.083,19.040
0,0,50.714,22.494,22.518,6.388
0,0,53.633,23.837,23.028,20.487
0,0,63.995,28.607,24.837,23.586
0,0,27.259,11.697,18.423,30.962
0,0,56.607,25.206,23.547,10.394
0,0,66.759,29.880,25.320,22.431
0,0,56.332,25.080,23.499,16.099
0,0,62.720,28.020,24.615,10.725
0,0,46.263,20.445,21.741,12.804
0,0,34.925,15.226,19.762,11.232
0,0,45.831,20.246,21.666,23.428
0,0,71.938,32.263,26.224,28.376
0,0,82.200,36.987,28.016,11.005
0,0,68.846,30.840,25.684,8.669
0,0,86.822,39.115,28.823,9.831
0,0,59.054,26.333,23.975,12.351
0,0,65.269,29.193,25.060,13.771
0,0,60.366,26.937,24.204,10.175
0,0,35.383,15.437,19.841,34.502
0,0,46.985,20.777,21.867,18.460
0,0,50.036,22.181,22.400,4.985
0,0,46.962,20.767,21.863,28.321
0,0,51.908,23.043,22.727,6.736
0,0,53.368,23.716,22.982,21.475
0,0,27.979,12.028,18.549,17.411
0,0,65.318,29.216,25.068,28.849
0,0,55.157,24.539,23.294,20.305
0,0,66.818,29.907,25.330,27.474
0,0,52.498,23.315,22.830,11.311
0,0,48.849,21.635,22.193,17.834
0,0,45.958,20.304,21.688,8.818
0,0,54.040,24.025,23.099,23.078
0,0,44.993,19.860,21.519,22.416
0,0,46.294,20.459,21.747,10.436
0,0,63.048,28.171,24.672,15.917
0,0,41.645,18.319,20.935,17.094
0,0,79.022,35.524,27.461,17.625
0,0,44.145,19.470,21.371,13.755
0,0,72.176,32.373,26.266,23.868
0,0,50.942,22.599,22.558,4.306
0,0,67.604,30.269,25.467,26.618
0,0,59.218,26.408,24.003,22.864
0,0,48.536,21.491,22.138,15.847
0,0,57.065,25.417,23.627,5.697
0,0,64.288,28.742,24.888,17.949
0,0,44.176,19.484,21.377,14.607
0,0,75.233,33.780,26.799,33.435
0,0,52.491,23.312,22.829,20.588
0,0,62.673,27.999,24.606,23.096
0,0,49.364,21.872,22.283,13.992
0,0,61.220,27.330,24.353,21.400
0,0,56.272,25.052,23.489,5.571
0,0,59.889,26.717,24.120,22.780
0,0,27.744,11.920,18.508,26.064
0,0,65.308,29.212,25.067,35.402
0,0,41.810,18.395,20.964,21.383
0,0,30.583,13.227,19.003,23.049
0,0,53.756,23.894,23.049,15.706
0,0,46.342,20.481,21.755,25.350
0,0,55.359,24.632,23.329,25.611
0,0,33.100,14.386,19.443,13.135
0,0,44.463,19.616,21.427,18.680
0,0,48.980,21.695,22.215,7.682
0,0,58.069,25.879,23.802,14.097
0,0,46.562,20.582,21.793,3.133
0,0,63.324,28.298,24.720,16.864
0,0,55.080,24.504,23.281,18.177
0,0,63.503,28.381,24.751,20.563
0,0,44.971,19.850,21.516,21.116
0,0,42.802,18.852,21.137,11.705
0,0,64.184,28.694,24.870,13.169
0,0,57.199,25.479,23.651,19.699
0,0,43.409,19.131,21.243,29.567
0,0,33.527,14.582,19.517,10.893
0,0,50.079,22.202,22.407,20.715
1,0,74.989,33.137,28.609,13.899
1,0,71.559,31.799,28.003,14.823
1,0,40.022,19.491,22.426,32.104
1,0,86.273,37.541,30.604,13.479
1,0,68.551,30.625,27.471,24.027
1,0,60.289,27.400,26.010,24.983
1,0,72.757,32.266,28.214,17.718
1,0,54.875,25.288,25.052,26.744
1,0,75.349,33.278,28.673,17.116
1,0,74.261,32.853,28.480,16.162
1,0,40.670,19.744,22.540,7.323
1,0,50.696,23.657,24.313,24.513
1,0,51.716,24.055,24.494,16.911
1,0,81.539,35.693,29.767,24.449
1,0,65.598,29.472,26.948,16.164
1,0,78.691,34.582,29.264,24.463
1,0,72.452,32.147,28.160,20.795
1,0,58.388,26.659,25.674,13.388
1,0,70.217,31.275,27.765,10.669
1,0,57.462,26.297,25.510,7.750
1,0,75.352,33.279,28.673,20.792
1,0,53.857,24.890,24.872,31.217
1,0,74.190,32.825,28.468,18.790
1,0,48.218,22.690,23.875,10.569
1,0,39.609,19.330,22.353,25.342
1,0,75.971,33.520,28.783,22.771
1,0,60.944,27.656,26.126,19.158
1,0,41.092,19.909,22.615,26.937
1,0,41.278,19.982,22.648,12.577
1,0,67.492,30.212,27.283,23.728
1,0,44.021,21.052,23.133,14.715
1,0,43.586,20.882,23.056,18.213
1,0,59.637,27.146,25.894,21.106
1,0,31.272,16.077,20.879,12.174
1,0,69.409,30.960,27.622,16.796
1,0,60.989,27.674,26.133,16.845
1,0,45.328,21.562,23.364,16.662
1,0,50.703,23.660,24.315,14.673
1,0,72.057,31.993,28.091,22.932
1,0,50.560,23.604,24.289,21.345
1,0,66.722,29.911,27.147,25.027
1,0,84.331,36.783,30.261,8.649
1,0,51.770,24.076,24.503,28.888
1,0,55.190,25.411,25.108,27.419
1,0,44.251,21.142,23.174,18.998
1,0,56.248,25.824,25.295,27.017
1,0,71.002,31.581,27.904,25.619
1,0,49.931,23.358,24.178,28.740
1,0,86.064,37.459,30.567,19.843
1,0,42.260,20.365,22.822,12.766
1,0,43.731,20.939,23.082,21.193
1,0,65.299,29.356,26.895,24.852
1,0,38.286,18.814,22.119,26.989
1,0,101.031,43.300,33.214,23.941
1,0,56.419,25.890,25.325,17.171
1,0,66.053,29.650,27.029,13.128
1,0,74.675,33.015,28.553,11.254
1,0,36.897,18.272,21.873,34.783
1,0,61.260,27.779,26.181,38.007
1,0,36.361,18.063,21.779,15.588
1,0,25.849,13.961,19.920,27.676
1,0,93.538,40.376,31.889,16.704
1,0,68.830,30.734,27.520,16.604
1,0,91.190,39.460,31.474,22.492
1,0,74.122,32.799,28.456,4.178
1,0,62.227,28.157,26.352,12.698
1,0,61.734,27.964,26.265,26.088
1,0,34.988,17.527,21.536,8.763
1,0,54.543,25.158,24.994,31.370
1,0,74.554,32.967,28.532,20.878
1,0,72.009,31.974,28.082,24.221
1,0,90.915,39.352,31.425,8.145
1,0,44.137,21.097,23.154,13.619
1,0,58.215,26.591,25.643,4.091
1,0,49.240,23.089,24.056,14.101
1,0,70.341,31.323,27.787,20.322
1,0,122.716,51.762,37.048,20.968
1,0,79.005,34.704,29.319,14.669
1,0,60.108,27.330,25.978,40.816
1,0,48.612,22.844,23.945,23.721
1,0,40.827,19.805,22.568,18.521
1,0,57.150,26.176,25.455,26.587
1,0,51.240,23.869,24.410,11.282
1,0,58.975,26.888,25.777,13.811
1,0,60.031,27.300,25.964,19.420
1,0,88.658,38.471,31.026,6.668
1,0,62.219,28.154,26.351,11.670
1,0,56.601,25.961,25.357,15.352
1,0,53.718,24.836,24.848,20.658
1,0,45.043,21.451,23.314,38.332
1,0,56.130,25.778,25.274,23.067
1,0,38.024,18.712,22.072,15.954
1,0,53.605,24.792,24.828,19.646
1,0,64.138,28.903,26.690,28.342
1,0,60.088,27.322,25.974,31.512
1,0,76.909,33.886,28.948,11.677
1,0,64.206,28.929,26.702,25.069
1,0,70.596,31.423,27.832,29.619
1,0,50.151,23.444,24.217,11.395
1,0,55.799,25.649,25.216,30.321
1,0,45.340,21.567,23.366,38.264
1,0,68.553,30.626,27.471,36.684
1,0,55.972,25.716,25.246,8.794
1,0,36.422,18.086,21.789,16.453
1,0,77.033,33.935,28.971,24.584
0,1,57.842,26.655,24.721,19.920
0,1,90.539,37.032,30.398,27.618
0,1,28.574,17.366,19.638,27.268
0,1,37.671,20.253,21.218,23.145
0,1,77.289,32.826,28.097,15.152
0,1,62.173,28.029,25.473,17.052
0,1,74.703,32.006,27.648,8.773
0,1,74.678,31.998,27.644,20.442
0,1,55.014,25.757,24.229,13.249
0,1,13.879,12.702,17.086,6.443
0,1,44.434,22.399,22.392,4.384
0,1,91.187,37.237,30.511,25.532
0,1,66.320,29.345,26.193,24.834
0,1,46.599,23.087,22.768,12.019
0,1,54.621,25.632,24.161,31.550
0,1,58.210,26.771,24.784,17.131
0,1,49.025,23.856,23.189,14.552
0,1,43.443,22.085,22.220,19.184
0,1,32.053,18.470,20.242,34.952
0,1,22.125,15.319,18.518,30.625
0,1,50.277,24.254,23.407,38.184
0,1,64.135,28.652,25.813,13.293
0,1,86.181,35.649,29.642,18.065
0,1,54.390,25.559,24.121,22.488
0,1,57.367,26.504,24.638,15.820
0,1,82.639,34.524,29.027,12.846
0,1,46.606,23.089,22.769,14.093
0,1,69.934,30.492,26.820,9.654
0,1,44.383,22.383,22.383,23.804
0,1,61.802,27.912,25.408,12.710
0,1,35.382,19.527,20.820,25.875
0,1,61.587,27.843,25.371,27.884
0,1,82.886,34.603,29.069,17.033
0,1,42.545,21.800,22.064,16.008
0,1,36.468,19.871,21.009,41.551
0,1,63.195,28.353,25.650,12.880
0,1,47.172,23.268,22.868,19.694
0,1,74.818,32.042,27.668,11.002
0,1,84.925,35.250,29.423,27.697
0,1,45.150,22.627,22.517,18.842
0,1,70.708,30.738,26.955,18.845
0,1,26.852,16.819,19.339,16.313
0,1,58.505,26.865,24.836,29.998
0,1,57.356,26.501,24.636,23.852
0,1,82.109,34.356,28.934,9.607
0,1,45.551,22.754,22.586,24.145
0,1,47.680,23.429,22.956,27.510
0,1,60.990,27.654,25.267,26.120
0,1,46.723,23.126,22.790,14.680
0,1,50.314,24.266,23.413,14.337
0,1,48.444,23.672,23.089,15.365
0,1,61.463,27.804,25.349,34.779
0,1,30.167,17.872,19.915,16.128
0,1,74.134,31.825,27.550,19.037
0,1,55.875,26.030,24.379,16.856
0,1,61.634,27.858,25.379,10.444
0,1,71.809,31.087,27.146,35.329
0,1,57.697,26.609,24.695,15.706
0,1,34.049,19.104,20.589,18.430
0,1,71.028,30.840,27.010,19.530
0,1,44.961,22.567,22.484,26.769
0,1,51.651,24.690,23.645,25.749
0,1,35.897,19.690,20.910,21.818
0,1,66.000,29.244,26.137,5.984
0,1,49.345,23.958,23.245,29.392
0,1,74.653,31.990,27.640,16.760
0,1,47.322,23.316,22.894,16.252
0,1,60.763,27.582,25.228,18.999
0,1,64.460,28.755,25.870,28.241
0,1,80.291,33.779,28.619,5.345
0,1,51.236,24.558,23.573,26.041
0,1,62.173,28.029,25.473,13.976
0,1,89.722,36.772,30.256,29.151
0,1,73.538,31.636,27.446,14.190
0,1,34.058,19.106,20.590,24.859
0,1,74.922,32.075,27.686,19.310
0,1,62.128,28.015,25.465,23.967
0,1,48.874,23.809,23.163,17.621
0,1,61.441,27.797,25.345,14.347
0,1,69.850,30.465,26.806,22.418
0,1,66.055,29.261,26.147,21.182
0,1,47.294,23.307,22.889,13.043
0,1,41.700,21.532,21.917,22.212
0,1,55.316,25.853,24.282,18.940
0,1,48.952,23.833,23.177,10.228
0,1,52.227,24.873,23.745,20.311
0,1,63.166,28.344,25.645,18.280
0,1,48.465,23.679,23.092,21.566
0,1,36.101,19.755,20.945,17.810
0,1,47.361,23.328,22.900,16.210
0,1,49.420,23.982,23.258,24.249
0,1,59.864,27.296,25.072,29.481
0,1,95.331,38.552,31.231,27.425
0,1,94.542,38.302,31.094,18.187
0,1,62.627,28.173,25.551,18.500
0,1,70.841,30.780,26.978,43.162
0,1,48.228,23.604,23.051,10.988
0,1,84.661,35.166,29.378,7.136
0,1,50.636,24.368,23.469,33.137
0,1,70.474,30.663,26.914,13.588
0,1,70.130,30.555,26.854,33.255
0,1,76.099,32.449,27.891,21.742
0,1,67.225,29.633,26.350,8.447
0,1,46.959,23.201,22.831,24.814
0,1,79.229,33.442,28.434,15.159
1,1,44.989,20.526,24.264,12.999
1,1,57.538,26.067,26.627,29.624
1,1,68.423,30.874,28.677,25.946
1,1,53.777,24.407,25.919,16.160
1,1,105.003,47.026,35.566,33.616
1,1,45.355,20.688,24.333,15.232
1,1,111.755,50.007,36.837,23.403
1,1,84.617,38.024,31.727,40.034
1,1,82.810,37.227,31.386,15.066
1,1,64.327,29.065,27.906,10.723
1,1,94.280,42.291,33.546,26.402
1,1,58.622,26.546,26.831,13.590
1,1,64.145,28.985,27.871,23.712
1,1,56.305,25.523,26.395,18.794
1,1,66.542,30.043,28.323,25.397
1,1,63.938,28.894,27.833,28.758
1,1,82.794,37.219,31.383,22.537
1,1,97.894,43.887,34.227,19.679
1,1,55.946,25.364,26.327,12.769
1,1,72.015,32.460,29.354,27.314
1,1,68.166,30.760,28.629,24.471
1,1,47.606,21.682,24.757,17.568
1,1,101.448,45.456,34.896,21.157
1,1,86.437,38.828,32.069,17.191
1,1,89.512,40.186,32.648,22.231
1,1,58.050,26.293,26.724,23.151
1,1,41.907,19.166,23.684,3.069
1,1,82.820,37.231,31.388,21.103
1,1,87.150,39.143,32.204,34.647
1,1,86.935,39.048,32.163,28.468
1,1,107.112,47.957,35.963,30.078
1,1,54.459,24.708,26.047,24.199
1,1,77.729,34.983,30.429,9.706
1,1,60.338,27.304,27.154,11.872
1,1,54.883,24.895,26.127,19.489
1,1,66.921,30.210,28.394,9.015
1,1,65.672,29.659,28.159,22.442
1,1,80.538,36.223,30.958,10.925
1,1,100.952,45.237,34.803,17.166
1,1,64.298,29.052,27.900,17.078
1,1,49.486,22.512,25.111,18.661
1,1,39.574,18.135,23.244,11.692
1,1,79.226,35.644,30.711,28.138
1,1,83.086,37.348,31.438,20.322
1,1,59.953,27.134,27.082,18.719
1,1,71.871,32.396,29.326,15.612
1,1,69.662,31.421,28.910,22.378
1,1,62.695,28.344,27.598,22.197
1,1,47.148,21.480,24.671,26.853
1,1,49.893,22.692,25.188,26.797
1,1,52.376,23.788,25.655,11.743
1,1,72.073,32.486,29.364,28.469
1,1,71.556,32.257,29.267,27.005
1,1,70.761,31.906,29.117,10.173
1,1,75.741,34.105,30.055,19.990
1,1,63.213,28.573,27.696,19.766
1,1,54.008,24.509,25.963,38.080
1,1,83.400,37.487,31.497,25.997
1,1,82.140,36.931,31.260,25.806
1,1,78.059,35.129,30.492,19.163
1,1,47.126,21.470,24.667,12.342
1,1,56.679,25.688,26.466,28.272
1,1,67.891,30.639,28.577,28.929
1,1,56.576,25.643,26.446,28.913
1,1,73.644,33.179,29.660,20.226
1,1,52.769,23.961,25.729,18.895
1,1,66.880,30.192,28.386,30.872
1,1,63.319,28.620,27.716,10.712
1,1,92.184,41.366,33.152,8.725
1,1,65.637,29.643,28.152,20.019
1,1,88.360,39.677,32.431,15.016
1,1,63.584,28.737,27.766,11.785
1,1,72.975,32.884,29.534,18.947
1,1,68.929,31.097,28.772,25.715
1,1,89.938,40.374,32.729,19.025
1,1,82.999,37.310,31.422,20.149
1,1,59.909,27.115,27.074,31.292
1,1,64.795,29.272,27.994,10.967
1,1,66.003,29.805,28.221,21.179
1,1,60.423,27.341,27.171,22.194
1,1,70.852,31.947,29.135,24.781
1,1,81.638,36.709,31.166,16.548
1,1,72.280,32.577,29.403,19.302
1,1,64.774,29.263,27.990,20.612
1,1,80.712,36.300,30.991,17.684
1,1,73.461,33.098,29.626,10.582
1,1,71.360,32.171,29.230,26.098
1,1,54.134,24.564,25.986,32.717
1,1,71.181,32.091,29.196,9.009
1,1,74.753,33.669,29.869,40.135
1,1,83.707,37.623,31.555,33.804
1,1,69.817,31.489,28.940,16.512
1,1,113.609,50.826,37.186,6.768
1,1,84.579,38.008,31.719,39.897
1,1,72.141,32.516,29.377,9.785
1,1,79.443,35.740,30.752,14.701
1,1,95.306,42.744,33.739,11.922
1,1,77.996,35.101,30.480,14.652
1,1,70.965,31.996,29.156,14.563
1,1,63.949,28.898,27.835,23.586
1,1,58.674,26.569,26.841,29.549
1,1,69.414,31.312,28.864,27.173
1,1,74.266,33.454,29.777,21.060
1,1,74.968,33.764,29.910,16.145
1,1,81.474,36.636,31.135,28.407
