part,replicate,operator,roughave
1,1,1,1.39
2,1,1,1.54
3,1,1,1.23
4,1,1,1.84
5,1,1,2.07
6,1,1,2.12
7,1,1,1.93
8,1,1,0.75
9,1,1,0.79
10,1,1,1.7
11,1,1,1.73
12,1,1,1.95
1,2,1,1.52
2,2,1,1.2
3,2,1,1.29
4,2,1,1.75
5,2,1,2.08
6,2,1,2.15
7,2,1,1.85
8,2,1,0.82
9,2,1,0.8
10,2,1,1.72
11,2,1,1.73
12,2,1,1.88
1,3,1,1.26
2,3,1,1.11
3,3,1,1.37
4,3,1,1.71
5,3,1,2.04
6,3,1,2.17
7,3,1,1.96
8,3,1,0.81
9,3,1,0.83
10,3,1,1.71
11,3,1,1.76
12,3,1,1.93
1,4,1,1.35
2,4,1,1.5
3,4,1,1.42
4,4,1,1.89
5,4,1,2.07
6,4,1,2.12
7,4,1,1.78
8,4,1,0.88
9,4,1,0.9
10,4,1,1.68
11,4,1,1.73
12,4,1,1.79
1,1,2,1.38
2,1,2,1.53
3,1,2,1.27
4,1,2,1.84
5,1,2,2.05
6,1,2,2.14
7,1,2,2.39
8,1,2,0.77
9,1,2,0.81
10,1,2,1.7
11,1,2,1.7
12,1,2,11.9
1,2,2,1.52
2,2,2,1.17
3,2,2,1.19
4,2,2,1.75
5,2,2,2.08
6,2,2,2.18
7,2,2,1.89
8,2,2,0.83
9,2,2,0.8
10,2,2,1.73
11,2,2,1.74
12,2,2,1.89
1,3,2,1.26
2,3,2,1.12
3,3,2,1.03
4,3,2,1.73
5,3,2,2.04
6,3,2,2.16
7,3,2,2.44
8,3,2,0.78
9,3,2,0.8
10,3,2,1.72
11,3,2,1.75
12,3,2,1.94
1,4,2,1.34
2,4,2,1.49
3,4,2,1.42
4,4,2,1.89
5,4,2,2.07
6,4,2,2.12
7,4,2,1.78
8,4,2,0.85
9,4,2,0.94
10,4,2,1.68
11,4,2,1.72
12,4,2,1.8
1,1,3,1.38
2,1,3,1.53
3,1,3,1.23
4,1,3,1.84
5,1,3,2.05
6,1,3,2.14
7,1,3,1.91
8,1,3,0.78
9,1,3,0.79
10,1,3,1.76
11,1,3,1.72
12,1,3,1.94
1,2,3,1.52
2,2,3,1.17
3,2,3,1.24
4,2,3,1.76
5,2,3,2.08
6,2,3,2.16
7,2,3,1.82
8,2,3,0.81
9,2,3,0.8
10,2,3,1.72
11,2,3,1.73
12,2,3,1.88
1,3,3,1.26
2,3,3,1.1
3,3,3,1.43
4,3,3,1.72
5,3,3,2.03
6,3,3,2.16
7,3,3,1.96
8,3,3,0.77
9,3,3,0.79
10,3,3,1.72
11,3,3,1.75
12,3,3,1.94
1,4,3,1.35
2,4,3,1.49
3,4,3,1.42
4,4,3,1.9
5,4,3,2.07
6,4,3,2.13
7,4,3,1.77
8,4,3,0.83
9,4,3,0.94
10,4,3,1.68
11,4,3,1.71
12,4,3,1.81
