subject,operator,repNum,sbp,dbp
1,1,1,120,58
2,1,1,112,66
3,1,1,130,66
4,1,1,118,64
5,1,1,112,70
6,1,1,110,60
7,1,1,100,50
8,1,1,108,84
9,1,1,116,68
10,1,1,112,56
11,1,1,134,64
12,1,1,114,80
13,1,1,108,84
14,1,1,124,72
15,1,1,106,78
1,1,2,138,62
2,1,2,134,78
3,1,2,144,68
4,1,2,136,68
5,1,2,124,72
6,1,2,134,58
7,1,2,120,58
8,1,2,130,92
9,1,2,136,80
10,1,2,132,68
11,1,2,154,70
12,1,2,128,74
13,1,2,128,64
14,1,2,138,72
15,1,2,124,84
1,1,3,134,52
2,1,3,132,70
3,1,3,144,56
4,1,3,130,60
5,1,3,118,72
6,1,3,124,52
7,1,3,112,60
8,1,3,124,88
9,1,3,130,76
10,1,3,124,56
11,1,3,148,66
12,1,3,128,76
13,1,3,120,64
14,1,3,134,70
15,1,3,116,76
1,2,1,136,64
2,2,1,116,78
3,2,1,122,64
4,2,1,134,70
5,2,1,122,80
6,2,1,108,74
7,2,1,114,70
8,2,1,132,78
9,2,1,136,72
10,2,1,130,72
11,2,1,126,78
12,2,1,112,66
13,2,1,118,68
14,2,1,136,64
15,2,1,138,86
1,2,2,122,68
2,2,2,108,82
3,2,2,112,68
4,2,2,120,76
5,2,2,110,88
6,2,2,104,70
7,2,2,106,68
8,2,2,122,74
9,2,2,122,74
10,2,2,118,78
11,2,2,122,86
12,2,2,108,74
13,2,2,110,68
14,2,2,124,66
15,2,2,124,88
1,2,3,132,64
2,2,3,112,80
3,2,3,120,64
4,2,3,124,68
5,2,3,122,86
6,2,3,114,72
7,2,3,110,68
8,2,3,134,76
9,2,3,130,80
10,2,3,126,78
11,2,3,128,86
12,2,3,112,72
13,2,3,116,72
14,2,3,128,62
15,2,3,134,86
1,3,1,130,52
2,3,1,122,78
3,3,1,130,76
4,3,1,106,72
5,3,1,118,68
6,3,1,108,76
7,3,1,118,70
8,3,1,126,72
9,3,1,122,80
10,3,1,124,66
11,3,1,140,66
12,3,1,134,64
13,3,1,104,66
14,3,1,118,58
15,3,1,118,76
1,3,2,128,52
2,3,2,116,82
3,3,2,126,78
4,3,2,100,78
5,3,2,122,70
6,3,2,98,70
7,3,2,114,74
8,3,2,130,72
9,3,2,124,90
10,3,2,116,62
11,3,2,132,62
12,3,2,124,66
13,3,2,102,66
14,3,2,116,62
15,3,2,114,74
1,3,3,142,66
2,3,3,140,80
3,3,3,138,74
4,3,3,122,76
5,3,3,136,70
6,3,3,116,68
7,3,3,130,74
8,3,3,148,70
9,3,3,142,82
10,3,3,140,66
11,3,3,154,72
12,3,3,140,70
13,3,3,116,72
14,3,3,134,58
15,3,3,136,78
