altitude,job,energyMet
1,1,13.547436
1,1,15.549022
1,1,15.78905
1,1,10.525441
1,1,10.33905
2,1,11.844122
2,1,8.621025
2,1,11.026229
2,1,14.141292
2,1,13.317333
1,2,11.894097
1,2,9.415146
1,2,8.012368
1,2,12.873035
1,2,9.155354
2,2,8.022216
2,2,9.884174
2,2,10.432431
2,2,10.019358
2,2,6.591821
1,3,10.338431
1,3,6.969522
1,3,10.136864
1,3,7.971741
1,3,8.883441
2,3,9.15487
2,3,5.796666
2,3,7.450462
2,3,8.256742
2,3,7.24126
1,4,9.672822
1,4,10.024228
1,4,11.272004
1,4,6.848534
1,4,10.382412
2,4,9.691396
2,4,8.511704
2,4,9.234389
2,4,7.372582
2,4,6.089929
1,5,5.598821
1,5,6.828153
1,5,7.311409
1,5,6.682547
1,5,7.52907
2,5,5.743427
2,5,6.066591
2,5,5.811638
2,5,4.512528
2,5,5.115815
