participant,finger,replicate,gripTest
1,2,1,22.52
1,2,2,22.09
1,2,3,26.35
1,2,4,27.25
1,2,5,27.16
2,2,1,28.15
2,2,2,24.99
2,2,3,26.18
2,2,4,24.77
2,2,5,23.51
3,2,1,13.44
3,2,2,15.75
3,2,3,15.24
3,2,4,15.04
3,2,5,15.68
4,2,1,15.23
4,2,2,15.41
4,2,3,14.47
4,2,4,15.19
4,2,5,15.2
5,2,1,28.15
5,2,2,24.99
5,2,3,26.18
5,2,4,24.77
5,2,5,23.51
1,3,1,26.46
1,3,2,26.05
1,3,3,30.4
1,3,4,30.16
1,3,5,28.76
2,3,1,31.39
2,3,2,28.28
2,3,3,30.04
2,3,4,27.31
2,3,5,27.58
3,3,1,18.66
3,3,2,19.41
3,3,3,18.45
3,3,4,18.4
3,3,5,19.24
4,3,1,20.18
4,3,2,18.14
4,3,3,18.39
4,3,4,17.71
4,3,5,16.78
5,3,1,31.39
5,3,2,28.28
5,3,3,30.04
5,3,4,27.31
5,3,5,27.58
1,4,1,43.5
1,4,2,43.72
1,4,3,45.7
1,4,4,44.03
1,4,5,47.41
2,4,1,48.4
2,4,2,51.92
2,4,3,45.14
2,4,4,45.4
2,4,5,46.89
3,4,1,30.45
3,4,2,29.79
3,4,3,30.3
3,4,4,29.06
3,4,5,31.91
4,4,1,45.53
4,4,2,42.72
4,4,3,41.89
4,4,4,42.52
4,4,5,40.21
5,4,1,48.4
5,4,2,51.92
5,4,3,45.14
5,4,4,45.4
5,4,5,46.89
1,5,1,17.29
1,5,2,19.4
1,5,3,22.51
1,5,4,20.79
1,5,5,22.71
2,5,1,24.2
2,5,2,24.11
2,5,3,24.84
2,5,4,21.67
2,5,5,24.52
3,5,1,23.99
3,5,2,26.69
3,5,3,20.38
3,5,4,22.55
3,5,5,20.03
4,5,1,23.6
4,5,2,19.64
4,5,3,21.6
4,5,4,22.58
4,5,5,22
5,5,1,24.2
5,5,2,24.11
5,5,3,24.84
5,5,4,21.67
5,5,5,24.52
