participant,finger,replicate,flatTest
1,1,1,15.42
1,1,2,16.38
1,1,3,15.86
1,1,4,16.23
1,1,5,16.78
2,1,1,21.01
2,1,2,20.29
2,1,3,19.62
2,1,4,20.7
2,1,5,21.75
3,1,1,22.01
3,1,2,25.52
3,1,3,23.05
3,1,4,23.33
3,1,5,25.85
4,1,1,33.52
4,1,2,34.63
4,1,3,34.55
4,1,4,34.06
4,1,5,34.17
5,1,1,29.96
5,1,2,30.02
5,1,3,26.84
5,1,4,27.35
5,1,5,26.88
1,2,1,32.12
1,2,2,33.11
1,2,3,32.64
1,2,4,31.99
1,2,5,31.15
2,2,1,25.72
2,2,2,24.84
2,2,3,25.49
2,2,4,23.68
2,2,5,24.46
3,2,1,24.87
3,2,2,24.75
3,2,3,25.71
3,2,4,28.32
3,2,5,28.62
4,2,1,40.01
4,2,2,38.83
4,2,3,39.56
4,2,4,39.23
4,2,5,39.31
5,2,1,27.7
5,2,2,28.55
5,2,3,28.82
5,2,4,25.38
5,2,5,25.38
1,3,1,32.16
1,3,2,30.11
1,3,3,31.25
1,3,4,31.51
1,3,5,30.25
2,3,1,24.5
2,3,2,24.23
2,3,3,25.63
2,3,4,23.5
2,3,5,23.1
3,3,1,21.55
3,3,2,20.49
3,3,3,20.97
3,3,4,21.73
3,3,5,23.79
4,3,1,31.28
4,3,2,29.53
4,3,3,29.95
4,3,4,28.7
4,3,5,29.22
5,3,1,23.67
5,3,2,23.88
5,3,3,22.64
5,3,4,21.8
5,3,5,20.69
1,4,1,40.2
1,4,2,39.31
1,4,3,39.46
1,4,4,39.5
1,4,5,39.07
2,4,1,34.78
2,4,2,36.26
2,4,3,35.72
2,4,4,34.04
2,4,5,32.3
3,4,1,34.51
3,4,2,35.01
3,4,3,33.07
3,4,4,33.07
3,4,5,34.09
4,4,1,34.01
4,4,2,34.83
4,4,3,35.09
4,4,4,36.55
4,4,5,34.02
5,4,1,25.62
5,4,2,25.74
5,4,3,27.5
5,4,4,26.65
5,4,5,26.46
1,5,1,16.92
1,5,2,17.08
1,5,3,13.78
1,5,4,16.99
1,5,5,16.55
2,5,1,21.62
2,5,2,20.99
2,5,3,22.41
2,5,4,23.49
2,5,5,22.02
3,5,1,24.94
3,5,2,22.36
3,5,3,21.7
3,5,4,22.06
3,5,5,22.38
4,5,1,26.92
4,5,2,24.57
4,5,3,25.47
4,5,4,27.67
4,5,5,25.99
5,5,1,26.13
5,5,2,22.76
5,5,3,22.35
5,5,4,21.23
5,5,5,21.09
